"","plateRow","plateColumn","vialNr","dropCode","expType","expReplicate","expName","expDate","expResearcher","expTime","expUnit","expVolumeCounted","RawData","compCASRN","compName","compConcentration","compUnit","compDelivery","compVehicle","elegansStrain","elegansInput","bacterialStrain","bacterialTreatment","bacterialOD600","bacterialConcX","bacterialVolume","bacterialVolUnit","incubationVial","incubationVolume","incubationUnit","incubationMethod","incubationRPM","bubble","incubateTemperature"
"1",NA,NA,1,"a","experiment",3,"CE.LIQ.FLOW.062",2020-11-30,"Sergio Reijnders - Ellis Herder",68,"hour",50,44,"24157-81-1","2,6-diisopropylnaphthalene","4.99","nM","Liquid","controlVehicleA","N2",25,"OP50","heated",0.743,8,300,"ul","1,5 glass vial",1000,"ul","rockroll",35,NA,20
"2",NA,NA,1,"b","experiment",3,"CE.LIQ.FLOW.062",2020-11-30,"Sergio Reijnders - Ellis Herder",68,"hour",50,37,"24157-81-1","2,6-diisopropylnaphthalene","4.99","nM","Liquid","controlVehicleA","N2",25,"OP50","heated",0.743,8,300,"ul","1,5 glass vial",1000,"ul","rockroll",35,NA,20
"3",NA,NA,1,"c","experiment",3,"CE.LIQ.FLOW.062",2020-11-30,"Sergio Reijnders - Ellis Herder",68,"hour",50,45,"24157-81-1","2,6-diisopropylnaphthalene","4.99","nM","Liquid","controlVehicleA","N2",25,"OP50","heated",0.743,8,300,"ul","1,5 glass vial",1000,"ul","rockroll",35,NA,20
"4",NA,NA,1,"d","experiment",3,"CE.LIQ.FLOW.062",2020-11-30,"Sergio Reijnders - Ellis Herder",68,"hour",50,47,"24157-81-1","2,6-diisopropylnaphthalene","4.99","nM","Liquid","controlVehicleA","N2",25,"OP50","heated",0.743,8,300,"ul","1,5 glass vial",1000,"ul","rockroll",35,NA,20
"5",NA,NA,1,"e","experiment",3,"CE.LIQ.FLOW.062",2020-11-30,"Sergio Reijnders - Ellis Herder",68,"hour",50,41,"24157-81-1","2,6-diisopropylnaphthalene","4.99","nM","Liquid","controlVehicleA","N2",25,"OP50","heated",0.743,8,300,"ul","1,5 glass vial",1000,"ul","rockroll",35,NA,20
"6",NA,NA,2,"a","experiment",3,"CE.LIQ.FLOW.062",2020-11-30,"Sergio Reijnders - Ellis Herder",68,"hour",50,35,"24157-81-1","2,6-diisopropylnaphthalene","4.99","nM","Liquid","controlVehicleA","N2",25,"OP50","heated",0.743,8,300,"ul","1,5 glass vial",1000,"ul","rockroll",35,NA,20
"7",NA,NA,2,"b","experiment",3,"CE.LIQ.FLOW.062",2020-11-30,"Sergio Reijnders - Ellis Herder",68,"hour",50,41,"24157-81-1","2,6-diisopropylnaphthalene","4.99","nM","Liquid","controlVehicleA","N2",25,"OP50","heated",0.743,8,300,"ul","1,5 glass vial",1000,"ul","rockroll",35,NA,20
"8",NA,NA,2,"c","experiment",3,"CE.LIQ.FLOW.062",2020-11-30,"Sergio Reijnders - Ellis Herder",68,"hour",50,36,"24157-81-1","2,6-diisopropylnaphthalene","4.99","nM","Liquid","controlVehicleA","N2",25,"OP50","heated",0.743,8,300,"ul","1,5 glass vial",1000,"ul","rockroll",35,NA,20
"9",NA,NA,2,"d","experiment",3,"CE.LIQ.FLOW.062",2020-11-30,"Sergio Reijnders - Ellis Herder",68,"hour",50,40,"24157-81-1","2,6-diisopropylnaphthalene","4.99","nM","Liquid","controlVehicleA","N2",25,"OP50","heated",0.743,8,300,"ul","1,5 glass vial",1000,"ul","rockroll",35,NA,20
"10",NA,NA,2,"e","experiment",3,"CE.LIQ.FLOW.062",2020-11-30,"Sergio Reijnders - Ellis Herder",68,"hour",50,38,"24157-81-1","2,6-diisopropylnaphthalene","4.99","nM","Liquid","controlVehicleA","N2",25,"OP50","heated",0.743,8,300,"ul","1,5 glass vial",1000,"ul","rockroll",35,NA,20
"11",NA,NA,3,"a","experiment",3,"CE.LIQ.FLOW.062",2020-11-30,"Sergio Reijnders - Ellis Herder",68,"hour",50,44,"24157-81-1","2,6-diisopropylnaphthalene","4.99","nM","Liquid","controlVehicleA","N2",25,"OP50","heated",0.743,8,300,"ul","1,5 glass vial",1000,"ul","rockroll",35,NA,20
"12",NA,NA,3,"b","experiment",3,"CE.LIQ.FLOW.062",2020-11-30,"Sergio Reijnders - Ellis Herder",68,"hour",50,48,"24157-81-1","2,6-diisopropylnaphthalene","4.99","nM","Liquid","controlVehicleA","N2",25,"OP50","heated",0.743,8,300,"ul","1,5 glass vial",1000,"ul","rockroll",35,NA,20
"13",NA,NA,3,"c","experiment",3,"CE.LIQ.FLOW.062",2020-11-30,"Sergio Reijnders - Ellis Herder",68,"hour",50,43,"24157-81-1","2,6-diisopropylnaphthalene","4.99","nM","Liquid","controlVehicleA","N2",25,"OP50","heated",0.743,8,300,"ul","1,5 glass vial",1000,"ul","rockroll",35,NA,20
"14",NA,NA,3,"d","experiment",3,"CE.LIQ.FLOW.062",2020-11-30,"Sergio Reijnders - Ellis Herder",68,"hour",50,50,"24157-81-1","2,6-diisopropylnaphthalene","4.99","nM","Liquid","controlVehicleA","N2",25,"OP50","heated",0.743,8,300,"ul","1,5 glass vial",1000,"ul","rockroll",35,NA,20
"15",NA,NA,3,"e","experiment",3,"CE.LIQ.FLOW.062",2020-11-30,"Sergio Reijnders - Ellis Herder",68,"hour",50,16,"24157-81-1","2,6-diisopropylnaphthalene","4.99","nM","Liquid","controlVehicleA","N2",25,"OP50","heated",0.743,8,300,"ul","1,5 glass vial",1000,"ul","rockroll",35,NA,20
"16",NA,NA,1,"a","experiment",3,"CE.LIQ.FLOW.062",2020-11-30,"Sergio Reijnders - Ellis Herder",68,"hour",50,48,"24157-81-1","2,6-diisopropylnaphthalene","0.499","nM","Liquid","controlVehicleA","N2",25,"OP50","heated",0.743,8,300,"ul","1,5 glass vial",1000,"ul","rockroll",35,NA,20
"17",NA,NA,1,"b","experiment",3,"CE.LIQ.FLOW.062",2020-11-30,"Sergio Reijnders - Ellis Herder",68,"hour",50,42,"24157-81-1","2,6-diisopropylnaphthalene","0.499","nM","Liquid","controlVehicleA","N2",25,"OP50","heated",0.743,8,300,"ul","1,5 glass vial",1000,"ul","rockroll",35,NA,20
"18",NA,NA,1,"c","experiment",3,"CE.LIQ.FLOW.062",2020-11-30,"Sergio Reijnders - Ellis Herder",68,"hour",50,41,"24157-81-1","2,6-diisopropylnaphthalene","0.499","nM","Liquid","controlVehicleA","N2",25,"OP50","heated",0.743,8,300,"ul","1,5 glass vial",1000,"ul","rockroll",35,NA,20
"19",NA,NA,1,"d","experiment",3,"CE.LIQ.FLOW.062",2020-11-30,"Sergio Reijnders - Ellis Herder",68,"hour",50,44,"24157-81-1","2,6-diisopropylnaphthalene","0.499","nM","Liquid","controlVehicleA","N2",25,"OP50","heated",0.743,8,300,"ul","1,5 glass vial",1000,"ul","rockroll",35,NA,20
"20",NA,NA,1,"e","experiment",3,"CE.LIQ.FLOW.062",2020-11-30,"Sergio Reijnders - Ellis Herder",68,"hour",50,40,"24157-81-1","2,6-diisopropylnaphthalene","0.499","nM","Liquid","controlVehicleA","N2",25,"OP50","heated",0.743,8,300,"ul","1,5 glass vial",1000,"ul","rockroll",35,NA,20
"21",NA,NA,2,"a","experiment",3,"CE.LIQ.FLOW.062",2020-11-30,"Sergio Reijnders - Ellis Herder",68,"hour",50,38,"24157-81-1","2,6-diisopropylnaphthalene","0.499","nM","Liquid","controlVehicleA","N2",25,"OP50","heated",0.743,8,300,"ul","1,5 glass vial",1000,"ul","rockroll",35,NA,20
"22",NA,NA,2,"b","experiment",3,"CE.LIQ.FLOW.062",2020-11-30,"Sergio Reijnders - Ellis Herder",68,"hour",50,41,"24157-81-1","2,6-diisopropylnaphthalene","0.499","nM","Liquid","controlVehicleA","N2",25,"OP50","heated",0.743,8,300,"ul","1,5 glass vial",1000,"ul","rockroll",35,NA,20
"23",NA,NA,2,"c","experiment",3,"CE.LIQ.FLOW.062",2020-11-30,"Sergio Reijnders - Ellis Herder",68,"hour",50,37,"24157-81-1","2,6-diisopropylnaphthalene","0.499","nM","Liquid","controlVehicleA","N2",25,"OP50","heated",0.743,8,300,"ul","1,5 glass vial",1000,"ul","rockroll",35,NA,20
"24",NA,NA,2,"d","experiment",3,"CE.LIQ.FLOW.062",2020-11-30,"Sergio Reijnders - Ellis Herder",68,"hour",50,43,"24157-81-1","2,6-diisopropylnaphthalene","0.499","nM","Liquid","controlVehicleA","N2",25,"OP50","heated",0.743,8,300,"ul","1,5 glass vial",1000,"ul","rockroll",35,NA,20
"25",NA,NA,2,"e","experiment",3,"CE.LIQ.FLOW.062",2020-11-30,"Sergio Reijnders - Ellis Herder",68,"hour",50,39,"24157-81-1","2,6-diisopropylnaphthalene","0.499","nM","Liquid","controlVehicleA","N2",25,"OP50","heated",0.743,8,300,"ul","1,5 glass vial",1000,"ul","rockroll",35,NA,20
"26",NA,NA,3,"a","experiment",3,"CE.LIQ.FLOW.062",2020-11-30,"Sergio Reijnders - Ellis Herder",68,"hour",50,34,"24157-81-1","2,6-diisopropylnaphthalene","0.499","nM","Liquid","controlVehicleA","N2",25,"OP50","heated",0.743,8,300,"ul","1,5 glass vial",1000,"ul","rockroll",35,NA,20
"27",NA,NA,3,"b","experiment",3,"CE.LIQ.FLOW.062",2020-11-30,"Sergio Reijnders - Ellis Herder",68,"hour",50,55,"24157-81-1","2,6-diisopropylnaphthalene","0.499","nM","Liquid","controlVehicleA","N2",25,"OP50","heated",0.743,8,300,"ul","1,5 glass vial",1000,"ul","rockroll",35,NA,20
"28",NA,NA,3,"c","experiment",3,"CE.LIQ.FLOW.062",2020-11-30,"Sergio Reijnders - Ellis Herder",68,"hour",50,50,"24157-81-1","2,6-diisopropylnaphthalene","0.499","nM","Liquid","controlVehicleA","N2",25,"OP50","heated",0.743,8,300,"ul","1,5 glass vial",1000,"ul","rockroll",35,NA,20
"29",NA,NA,3,"d","experiment",3,"CE.LIQ.FLOW.062",2020-11-30,"Sergio Reijnders - Ellis Herder",68,"hour",50,55,"24157-81-1","2,6-diisopropylnaphthalene","0.499","nM","Liquid","controlVehicleA","N2",25,"OP50","heated",0.743,8,300,"ul","1,5 glass vial",1000,"ul","rockroll",35,NA,20
"30",NA,NA,3,"e","experiment",3,"CE.LIQ.FLOW.062",2020-11-30,"Sergio Reijnders - Ellis Herder",68,"hour",50,42,"24157-81-1","2,6-diisopropylnaphthalene","0.499","nM","Liquid","controlVehicleA","N2",25,"OP50","heated",0.743,8,300,"ul","1,5 glass vial",1000,"ul","rockroll",35,NA,20
"31",NA,NA,1,"a","experiment",3,"CE.LIQ.FLOW.062",2020-11-30,"Sergio Reijnders - Ellis Herder",68,"hour",50,49,"24157-81-1","2,6-diisopropylnaphthalene","4.99E-2","nM","Liquid","controlVehicleA","N2",25,"OP50","heated",0.743,8,300,"ul","1,5 glass vial",1000,"ul","rockroll",35,NA,20
"32",NA,NA,1,"b","experiment",3,"CE.LIQ.FLOW.062",2020-11-30,"Sergio Reijnders - Ellis Herder",68,"hour",50,56,"24157-81-1","2,6-diisopropylnaphthalene","4.99E-2","nM","Liquid","controlVehicleA","N2",25,"OP50","heated",0.743,8,300,"ul","1,5 glass vial",1000,"ul","rockroll",35,NA,20
"33",NA,NA,1,"c","experiment",3,"CE.LIQ.FLOW.062",2020-11-30,"Sergio Reijnders - Ellis Herder",68,"hour",50,63,"24157-81-1","2,6-diisopropylnaphthalene","4.99E-2","nM","Liquid","controlVehicleA","N2",25,"OP50","heated",0.743,8,300,"ul","1,5 glass vial",1000,"ul","rockroll",35,NA,20
"34",NA,NA,1,"d","experiment",3,"CE.LIQ.FLOW.062",2020-11-30,"Sergio Reijnders - Ellis Herder",68,"hour",50,60,"24157-81-1","2,6-diisopropylnaphthalene","4.99E-2","nM","Liquid","controlVehicleA","N2",25,"OP50","heated",0.743,8,300,"ul","1,5 glass vial",1000,"ul","rockroll",35,NA,20
"35",NA,NA,1,"e","experiment",3,"CE.LIQ.FLOW.062",2020-11-30,"Sergio Reijnders - Ellis Herder",68,"hour",50,58,"24157-81-1","2,6-diisopropylnaphthalene","4.99E-2","nM","Liquid","controlVehicleA","N2",25,"OP50","heated",0.743,8,300,"ul","1,5 glass vial",1000,"ul","rockroll",35,NA,20
"36",NA,NA,2,"a","experiment",3,"CE.LIQ.FLOW.062",2020-11-30,"Sergio Reijnders - Ellis Herder",68,"hour",50,56,"24157-81-1","2,6-diisopropylnaphthalene","4.99E-2","nM","Liquid","controlVehicleA","N2",25,"OP50","heated",0.743,8,300,"ul","1,5 glass vial",1000,"ul","rockroll",35,NA,20
"37",NA,NA,2,"b","experiment",3,"CE.LIQ.FLOW.062",2020-11-30,"Sergio Reijnders - Ellis Herder",68,"hour",50,57,"24157-81-1","2,6-diisopropylnaphthalene","4.99E-2","nM","Liquid","controlVehicleA","N2",25,"OP50","heated",0.743,8,300,"ul","1,5 glass vial",1000,"ul","rockroll",35,NA,20
"38",NA,NA,2,"c","experiment",3,"CE.LIQ.FLOW.062",2020-11-30,"Sergio Reijnders - Ellis Herder",68,"hour",50,57,"24157-81-1","2,6-diisopropylnaphthalene","4.99E-2","nM","Liquid","controlVehicleA","N2",25,"OP50","heated",0.743,8,300,"ul","1,5 glass vial",1000,"ul","rockroll",35,NA,20
"39",NA,NA,2,"d","experiment",3,"CE.LIQ.FLOW.062",2020-11-30,"Sergio Reijnders - Ellis Herder",68,"hour",50,64,"24157-81-1","2,6-diisopropylnaphthalene","4.99E-2","nM","Liquid","controlVehicleA","N2",25,"OP50","heated",0.743,8,300,"ul","1,5 glass vial",1000,"ul","rockroll",35,NA,20
"40",NA,NA,2,"e","experiment",3,"CE.LIQ.FLOW.062",2020-11-30,"Sergio Reijnders - Ellis Herder",68,"hour",50,61,"24157-81-1","2,6-diisopropylnaphthalene","4.99E-2","nM","Liquid","controlVehicleA","N2",25,"OP50","heated",0.743,8,300,"ul","1,5 glass vial",1000,"ul","rockroll",35,NA,20
"41",NA,NA,3,"a","experiment",3,"CE.LIQ.FLOW.062",2020-11-30,"Sergio Reijnders - Ellis Herder",68,"hour",50,68,"24157-81-1","2,6-diisopropylnaphthalene","4.99E-2","nM","Liquid","controlVehicleA","N2",25,"OP50","heated",0.743,8,300,"ul","1,5 glass vial",1000,"ul","rockroll",35,NA,20
"42",NA,NA,3,"b","experiment",3,"CE.LIQ.FLOW.062",2020-11-30,"Sergio Reijnders - Ellis Herder",68,"hour",50,60,"24157-81-1","2,6-diisopropylnaphthalene","4.99E-2","nM","Liquid","controlVehicleA","N2",25,"OP50","heated",0.743,8,300,"ul","1,5 glass vial",1000,"ul","rockroll",35,NA,20
"43",NA,NA,3,"c","experiment",3,"CE.LIQ.FLOW.062",2020-11-30,"Sergio Reijnders - Ellis Herder",68,"hour",50,65,"24157-81-1","2,6-diisopropylnaphthalene","4.99E-2","nM","Liquid","controlVehicleA","N2",25,"OP50","heated",0.743,8,300,"ul","1,5 glass vial",1000,"ul","rockroll",35,NA,20
"44",NA,NA,3,"d","experiment",3,"CE.LIQ.FLOW.062",2020-11-30,"Sergio Reijnders - Ellis Herder",68,"hour",50,52,"24157-81-1","2,6-diisopropylnaphthalene","4.99E-2","nM","Liquid","controlVehicleA","N2",25,"OP50","heated",0.743,8,300,"ul","1,5 glass vial",1000,"ul","rockroll",35,NA,20
"45",NA,NA,3,"e","experiment",3,"CE.LIQ.FLOW.062",2020-11-30,"Sergio Reijnders - Ellis Herder",68,"hour",50,59,"24157-81-1","2,6-diisopropylnaphthalene","4.99E-2","nM","Liquid","controlVehicleA","N2",25,"OP50","heated",0.743,8,300,"ul","1,5 glass vial",1000,"ul","rockroll",35,NA,20
"46",NA,NA,1,"a","experiment",3,"CE.LIQ.FLOW.062",2020-11-30,"Sergio Reijnders - Ellis Herder",68,"hour",50,67,"24157-81-1","2,6-diisopropylnaphthalene","4.9899999999999996E-3","nM","Liquid","controlVehicleA","N2",25,"OP50","heated",0.743,8,300,"ul","1,5 glass vial",1000,"ul","rockroll",35,NA,20
"47",NA,NA,1,"b","experiment",3,"CE.LIQ.FLOW.062",2020-11-30,"Sergio Reijnders - Ellis Herder",68,"hour",50,80,"24157-81-1","2,6-diisopropylnaphthalene","4.9899999999999996E-3","nM","Liquid","controlVehicleA","N2",25,"OP50","heated",0.743,8,300,"ul","1,5 glass vial",1000,"ul","rockroll",35,NA,20
"48",NA,NA,1,"c","experiment",3,"CE.LIQ.FLOW.062",2020-11-30,"Sergio Reijnders - Ellis Herder",68,"hour",50,70,"24157-81-1","2,6-diisopropylnaphthalene","4.9899999999999996E-3","nM","Liquid","controlVehicleA","N2",25,"OP50","heated",0.743,8,300,"ul","1,5 glass vial",1000,"ul","rockroll",35,NA,20
"49",NA,NA,1,"d","experiment",3,"CE.LIQ.FLOW.062",2020-11-30,"Sergio Reijnders - Ellis Herder",68,"hour",50,72,"24157-81-1","2,6-diisopropylnaphthalene","4.9899999999999996E-3","nM","Liquid","controlVehicleA","N2",25,"OP50","heated",0.743,8,300,"ul","1,5 glass vial",1000,"ul","rockroll",35,NA,20
"50",NA,NA,1,"e","experiment",3,"CE.LIQ.FLOW.062",2020-11-30,"Sergio Reijnders - Ellis Herder",68,"hour",50,85,"24157-81-1","2,6-diisopropylnaphthalene","4.9899999999999996E-3","nM","Liquid","controlVehicleA","N2",25,"OP50","heated",0.743,8,300,"ul","1,5 glass vial",1000,"ul","rockroll",35,NA,20
"51",NA,NA,2,"a","experiment",3,"CE.LIQ.FLOW.062",2020-11-30,"Sergio Reijnders - Ellis Herder",68,"hour",50,91,"24157-81-1","2,6-diisopropylnaphthalene","4.9899999999999996E-3","nM","Liquid","controlVehicleA","N2",25,"OP50","heated",0.743,8,300,"ul","1,5 glass vial",1000,"ul","rockroll",35,NA,20
"52",NA,NA,2,"b","experiment",3,"CE.LIQ.FLOW.062",2020-11-30,"Sergio Reijnders - Ellis Herder",68,"hour",50,75,"24157-81-1","2,6-diisopropylnaphthalene","4.9899999999999996E-3","nM","Liquid","controlVehicleA","N2",25,"OP50","heated",0.743,8,300,"ul","1,5 glass vial",1000,"ul","rockroll",35,NA,20
"53",NA,NA,2,"c","experiment",3,"CE.LIQ.FLOW.062",2020-11-30,"Sergio Reijnders - Ellis Herder",68,"hour",50,77,"24157-81-1","2,6-diisopropylnaphthalene","4.9899999999999996E-3","nM","Liquid","controlVehicleA","N2",25,"OP50","heated",0.743,8,300,"ul","1,5 glass vial",1000,"ul","rockroll",35,NA,20
"54",NA,NA,2,"d","experiment",3,"CE.LIQ.FLOW.062",2020-11-30,"Sergio Reijnders - Ellis Herder",68,"hour",50,65,"24157-81-1","2,6-diisopropylnaphthalene","4.9899999999999996E-3","nM","Liquid","controlVehicleA","N2",25,"OP50","heated",0.743,8,300,"ul","1,5 glass vial",1000,"ul","rockroll",35,NA,20
"55",NA,NA,2,"e","experiment",3,"CE.LIQ.FLOW.062",2020-11-30,"Sergio Reijnders - Ellis Herder",68,"hour",50,78,"24157-81-1","2,6-diisopropylnaphthalene","4.9899999999999996E-3","nM","Liquid","controlVehicleA","N2",25,"OP50","heated",0.743,8,300,"ul","1,5 glass vial",1000,"ul","rockroll",35,NA,20
"56",NA,NA,3,"a","experiment",3,"CE.LIQ.FLOW.062",2020-11-30,"Sergio Reijnders - Ellis Herder",68,"hour",50,90,"24157-81-1","2,6-diisopropylnaphthalene","4.9899999999999996E-3","nM","Liquid","controlVehicleA","N2",25,"OP50","heated",0.743,8,300,"ul","1,5 glass vial",1000,"ul","rockroll",35,NA,20
"57",NA,NA,3,"b","experiment",3,"CE.LIQ.FLOW.062",2020-11-30,"Sergio Reijnders - Ellis Herder",68,"hour",50,57,"24157-81-1","2,6-diisopropylnaphthalene","4.9899999999999996E-3","nM","Liquid","controlVehicleA","N2",25,"OP50","heated",0.743,8,300,"ul","1,5 glass vial",1000,"ul","rockroll",35,NA,20
"58",NA,NA,3,"c","experiment",3,"CE.LIQ.FLOW.062",2020-11-30,"Sergio Reijnders - Ellis Herder",68,"hour",50,70,"24157-81-1","2,6-diisopropylnaphthalene","4.9899999999999996E-3","nM","Liquid","controlVehicleA","N2",25,"OP50","heated",0.743,8,300,"ul","1,5 glass vial",1000,"ul","rockroll",35,NA,20
"59",NA,NA,3,"d","experiment",3,"CE.LIQ.FLOW.062",2020-11-30,"Sergio Reijnders - Ellis Herder",68,"hour",50,83,"24157-81-1","2,6-diisopropylnaphthalene","4.9899999999999996E-3","nM","Liquid","controlVehicleA","N2",25,"OP50","heated",0.743,8,300,"ul","1,5 glass vial",1000,"ul","rockroll",35,NA,20
"60",NA,NA,3,"e","experiment",3,"CE.LIQ.FLOW.062",2020-11-30,"Sergio Reijnders - Ellis Herder",68,"hour",50,67,"24157-81-1","2,6-diisopropylnaphthalene","4.9899999999999996E-3","nM","Liquid","controlVehicleA","N2",25,"OP50","heated",0.743,8,300,"ul","1,5 glass vial",1000,"ul","rockroll",35,NA,20
"61",NA,NA,1,"a","experiment",3,"CE.LIQ.FLOW.062",2020-11-30,"Sergio Reijnders - Ellis Herder",68,"hour",50,120,"24157-81-1","2,6-diisopropylnaphthalene","4.9899999999999999E-4","nM","Liquid","controlVehicleA","N2",25,"OP50","heated",0.743,8,300,"ul","1,5 glass vial",1000,"ul","rockroll",35,NA,20
"62",NA,NA,1,"b","experiment",3,"CE.LIQ.FLOW.062",2020-11-30,"Sergio Reijnders - Ellis Herder",68,"hour",50,86,"24157-81-1","2,6-diisopropylnaphthalene","4.9899999999999999E-4","nM","Liquid","controlVehicleA","N2",25,"OP50","heated",0.743,8,300,"ul","1,5 glass vial",1000,"ul","rockroll",35,NA,20
"63",NA,NA,1,"c","experiment",3,"CE.LIQ.FLOW.062",2020-11-30,"Sergio Reijnders - Ellis Herder",68,"hour",50,106,"24157-81-1","2,6-diisopropylnaphthalene","4.9899999999999999E-4","nM","Liquid","controlVehicleA","N2",25,"OP50","heated",0.743,8,300,"ul","1,5 glass vial",1000,"ul","rockroll",35,NA,20
"64",NA,NA,1,"d","experiment",3,"CE.LIQ.FLOW.062",2020-11-30,"Sergio Reijnders - Ellis Herder",68,"hour",50,107,"24157-81-1","2,6-diisopropylnaphthalene","4.9899999999999999E-4","nM","Liquid","controlVehicleA","N2",25,"OP50","heated",0.743,8,300,"ul","1,5 glass vial",1000,"ul","rockroll",35,NA,20
"65",NA,NA,1,"e","experiment",3,"CE.LIQ.FLOW.062",2020-11-30,"Sergio Reijnders - Ellis Herder",68,"hour",50,99,"24157-81-1","2,6-diisopropylnaphthalene","4.9899999999999999E-4","nM","Liquid","controlVehicleA","N2",25,"OP50","heated",0.743,8,300,"ul","1,5 glass vial",1000,"ul","rockroll",35,NA,20
"66",NA,NA,2,"a","experiment",3,"CE.LIQ.FLOW.062",2020-11-30,"Sergio Reijnders - Ellis Herder",68,"hour",50,81,"24157-81-1","2,6-diisopropylnaphthalene","4.9899999999999999E-4","nM","Liquid","controlVehicleA","N2",25,"OP50","heated",0.743,8,300,"ul","1,5 glass vial",1000,"ul","rockroll",35,NA,20
"67",NA,NA,2,"b","experiment",3,"CE.LIQ.FLOW.062",2020-11-30,"Sergio Reijnders - Ellis Herder",68,"hour",50,62,"24157-81-1","2,6-diisopropylnaphthalene","4.9899999999999999E-4","nM","Liquid","controlVehicleA","N2",25,"OP50","heated",0.743,8,300,"ul","1,5 glass vial",1000,"ul","rockroll",35,NA,20
"68",NA,NA,2,"c","experiment",3,"CE.LIQ.FLOW.062",2020-11-30,"Sergio Reijnders - Ellis Herder",68,"hour",50,72,"24157-81-1","2,6-diisopropylnaphthalene","4.9899999999999999E-4","nM","Liquid","controlVehicleA","N2",25,"OP50","heated",0.743,8,300,"ul","1,5 glass vial",1000,"ul","rockroll",35,NA,20
"69",NA,NA,2,"d","experiment",3,"CE.LIQ.FLOW.062",2020-11-30,"Sergio Reijnders - Ellis Herder",68,"hour",50,68,"24157-81-1","2,6-diisopropylnaphthalene","4.9899999999999999E-4","nM","Liquid","controlVehicleA","N2",25,"OP50","heated",0.743,8,300,"ul","1,5 glass vial",1000,"ul","rockroll",35,NA,20
"70",NA,NA,2,"e","experiment",3,"CE.LIQ.FLOW.062",2020-11-30,"Sergio Reijnders - Ellis Herder",68,"hour",50,72,"24157-81-1","2,6-diisopropylnaphthalene","4.9899999999999999E-4","nM","Liquid","controlVehicleA","N2",25,"OP50","heated",0.743,8,300,"ul","1,5 glass vial",1000,"ul","rockroll",35,NA,20
"71",NA,NA,3,"a","experiment",3,"CE.LIQ.FLOW.062",2020-11-30,"Sergio Reijnders - Ellis Herder",68,"hour",50,68,"24157-81-1","2,6-diisopropylnaphthalene","4.9899999999999999E-4","nM","Liquid","controlVehicleA","N2",25,"OP50","heated",0.743,8,300,"ul","1,5 glass vial",1000,"ul","rockroll",35,NA,20
"72",NA,NA,3,"b","experiment",3,"CE.LIQ.FLOW.062",2020-11-30,"Sergio Reijnders - Ellis Herder",68,"hour",50,71,"24157-81-1","2,6-diisopropylnaphthalene","4.9899999999999999E-4","nM","Liquid","controlVehicleA","N2",25,"OP50","heated",0.743,8,300,"ul","1,5 glass vial",1000,"ul","rockroll",35,NA,20
"73",NA,NA,3,"c","experiment",3,"CE.LIQ.FLOW.062",2020-11-30,"Sergio Reijnders - Ellis Herder",68,"hour",50,78,"24157-81-1","2,6-diisopropylnaphthalene","4.9899999999999999E-4","nM","Liquid","controlVehicleA","N2",25,"OP50","heated",0.743,8,300,"ul","1,5 glass vial",1000,"ul","rockroll",35,NA,20
"74",NA,NA,3,"d","experiment",3,"CE.LIQ.FLOW.062",2020-11-30,"Sergio Reijnders - Ellis Herder",68,"hour",50,86,"24157-81-1","2,6-diisopropylnaphthalene","4.9899999999999999E-4","nM","Liquid","controlVehicleA","N2",25,"OP50","heated",0.743,8,300,"ul","1,5 glass vial",1000,"ul","rockroll",35,NA,20
"75",NA,NA,3,"e","experiment",3,"CE.LIQ.FLOW.062",2020-11-30,"Sergio Reijnders - Ellis Herder",68,"hour",50,70,"24157-81-1","2,6-diisopropylnaphthalene","4.9899999999999999E-4","nM","Liquid","controlVehicleA","N2",25,"OP50","heated",0.743,8,300,"ul","1,5 glass vial",1000,"ul","rockroll",35,NA,20
"76",NA,NA,1,"a","experiment",3,"CE.LIQ.FLOW.062",2020-11-30,"Sergio Reijnders - Ellis Herder",68,"hour",50,100,"24157-81-1","2,6-diisopropylnaphthalene","4.99E-5","nM","Liquid","controlVehicleA","N2",25,"OP50","heated",0.743,8,300,"ul","1,5 glass vial",1000,"ul","rockroll",35,NA,20
"77",NA,NA,1,"b","experiment",3,"CE.LIQ.FLOW.062",2020-11-30,"Sergio Reijnders - Ellis Herder",68,"hour",50,88,"24157-81-1","2,6-diisopropylnaphthalene","4.99E-5","nM","Liquid","controlVehicleA","N2",25,"OP50","heated",0.743,8,300,"ul","1,5 glass vial",1000,"ul","rockroll",35,NA,20
"78",NA,NA,1,"c","experiment",3,"CE.LIQ.FLOW.062",2020-11-30,"Sergio Reijnders - Ellis Herder",68,"hour",50,100,"24157-81-1","2,6-diisopropylnaphthalene","4.99E-5","nM","Liquid","controlVehicleA","N2",25,"OP50","heated",0.743,8,300,"ul","1,5 glass vial",1000,"ul","rockroll",35,NA,20
"79",NA,NA,1,"d","experiment",3,"CE.LIQ.FLOW.062",2020-11-30,"Sergio Reijnders - Ellis Herder",68,"hour",50,104,"24157-81-1","2,6-diisopropylnaphthalene","4.99E-5","nM","Liquid","controlVehicleA","N2",25,"OP50","heated",0.743,8,300,"ul","1,5 glass vial",1000,"ul","rockroll",35,NA,20
"80",NA,NA,1,"e","experiment",3,"CE.LIQ.FLOW.062",2020-11-30,"Sergio Reijnders - Ellis Herder",68,"hour",50,86,"24157-81-1","2,6-diisopropylnaphthalene","4.99E-5","nM","Liquid","controlVehicleA","N2",25,"OP50","heated",0.743,8,300,"ul","1,5 glass vial",1000,"ul","rockroll",35,NA,20
"81",NA,NA,2,"a","experiment",3,"CE.LIQ.FLOW.062",2020-11-30,"Sergio Reijnders - Ellis Herder",68,"hour",50,75,"24157-81-1","2,6-diisopropylnaphthalene","4.99E-5","nM","Liquid","controlVehicleA","N2",25,"OP50","heated",0.743,8,300,"ul","1,5 glass vial",1000,"ul","rockroll",35,NA,20
"82",NA,NA,2,"b","experiment",3,"CE.LIQ.FLOW.062",2020-11-30,"Sergio Reijnders - Ellis Herder",68,"hour",50,86,"24157-81-1","2,6-diisopropylnaphthalene","4.99E-5","nM","Liquid","controlVehicleA","N2",25,"OP50","heated",0.743,8,300,"ul","1,5 glass vial",1000,"ul","rockroll",35,NA,20
"83",NA,NA,2,"c","experiment",3,"CE.LIQ.FLOW.062",2020-11-30,"Sergio Reijnders - Ellis Herder",68,"hour",50,94,"24157-81-1","2,6-diisopropylnaphthalene","4.99E-5","nM","Liquid","controlVehicleA","N2",25,"OP50","heated",0.743,8,300,"ul","1,5 glass vial",1000,"ul","rockroll",35,NA,20
"84",NA,NA,2,"d","experiment",3,"CE.LIQ.FLOW.062",2020-11-30,"Sergio Reijnders - Ellis Herder",68,"hour",50,99,"24157-81-1","2,6-diisopropylnaphthalene","4.99E-5","nM","Liquid","controlVehicleA","N2",25,"OP50","heated",0.743,8,300,"ul","1,5 glass vial",1000,"ul","rockroll",35,NA,20
"85",NA,NA,2,"e","experiment",3,"CE.LIQ.FLOW.062",2020-11-30,"Sergio Reijnders - Ellis Herder",68,"hour",50,77,"24157-81-1","2,6-diisopropylnaphthalene","4.99E-5","nM","Liquid","controlVehicleA","N2",25,"OP50","heated",0.743,8,300,"ul","1,5 glass vial",1000,"ul","rockroll",35,NA,20
"86",NA,NA,3,"a","experiment",3,"CE.LIQ.FLOW.062",2020-11-30,"Sergio Reijnders - Ellis Herder",68,"hour",50,93,"24157-81-1","2,6-diisopropylnaphthalene","4.99E-5","nM","Liquid","controlVehicleA","N2",25,"OP50","heated",0.743,8,300,"ul","1,5 glass vial",1000,"ul","rockroll",35,NA,20
"87",NA,NA,3,"b","experiment",3,"CE.LIQ.FLOW.062",2020-11-30,"Sergio Reijnders - Ellis Herder",68,"hour",50,74,"24157-81-1","2,6-diisopropylnaphthalene","4.99E-5","nM","Liquid","controlVehicleA","N2",25,"OP50","heated",0.743,8,300,"ul","1,5 glass vial",1000,"ul","rockroll",35,NA,20
"88",NA,NA,3,"c","experiment",3,"CE.LIQ.FLOW.062",2020-11-30,"Sergio Reijnders - Ellis Herder",68,"hour",50,94,"24157-81-1","2,6-diisopropylnaphthalene","4.99E-5","nM","Liquid","controlVehicleA","N2",25,"OP50","heated",0.743,8,300,"ul","1,5 glass vial",1000,"ul","rockroll",35,NA,20
"89",NA,NA,3,"d","experiment",3,"CE.LIQ.FLOW.062",2020-11-30,"Sergio Reijnders - Ellis Herder",68,"hour",50,90,"24157-81-1","2,6-diisopropylnaphthalene","4.99E-5","nM","Liquid","controlVehicleA","N2",25,"OP50","heated",0.743,8,300,"ul","1,5 glass vial",1000,"ul","rockroll",35,NA,20
"90",NA,NA,3,"e","experiment",3,"CE.LIQ.FLOW.062",2020-11-30,"Sergio Reijnders - Ellis Herder",68,"hour",50,79,"24157-81-1","2,6-diisopropylnaphthalene","4.99E-5","nM","Liquid","controlVehicleA","N2",25,"OP50","heated",0.743,8,300,"ul","1,5 glass vial",1000,"ul","rockroll",35,NA,20
"91",NA,NA,1,"a","experiment",3,"CE.LIQ.FLOW.062",2020-11-30,"Sergio Reijnders - Ellis Herder",68,"hour",50,18,"124-18-5","decane","4.99","nM","Liquid","controlVehicleA","N2",25,"OP50","heated",0.743,8,300,"ul","1,5 glass vial",1000,"ul","rockroll",35,NA,20
"92",NA,NA,1,"b","experiment",3,"CE.LIQ.FLOW.062",2020-11-30,"Sergio Reijnders - Ellis Herder",68,"hour",50,29,"124-18-5","decane","4.99","nM","Liquid","controlVehicleA","N2",25,"OP50","heated",0.743,8,300,"ul","1,5 glass vial",1000,"ul","rockroll",35,NA,20
"93",NA,NA,1,"c","experiment",3,"CE.LIQ.FLOW.062",2020-11-30,"Sergio Reijnders - Ellis Herder",68,"hour",50,17,"124-18-5","decane","4.99","nM","Liquid","controlVehicleA","N2",25,"OP50","heated",0.743,8,300,"ul","1,5 glass vial",1000,"ul","rockroll",35,NA,20
"94",NA,NA,1,"d","experiment",3,"CE.LIQ.FLOW.062",2020-11-30,"Sergio Reijnders - Ellis Herder",68,"hour",50,19,"124-18-5","decane","4.99","nM","Liquid","controlVehicleA","N2",25,"OP50","heated",0.743,8,300,"ul","1,5 glass vial",1000,"ul","rockroll",35,NA,20
"95",NA,NA,1,"e","experiment",3,"CE.LIQ.FLOW.062",2020-11-30,"Sergio Reijnders - Ellis Herder",68,"hour",50,19,"124-18-5","decane","4.99","nM","Liquid","controlVehicleA","N2",25,"OP50","heated",0.743,8,300,"ul","1,5 glass vial",1000,"ul","rockroll",35,NA,20
"96",NA,NA,2,"a","experiment",3,"CE.LIQ.FLOW.062",2020-11-30,"Sergio Reijnders - Ellis Herder",68,"hour",50,16,"124-18-5","decane","4.99","nM","Liquid","controlVehicleA","N2",25,"OP50","heated",0.743,8,300,"ul","1,5 glass vial",1000,"ul","rockroll",35,NA,20
"97",NA,NA,2,"b","experiment",3,"CE.LIQ.FLOW.062",2020-11-30,"Sergio Reijnders - Ellis Herder",68,"hour",50,18,"124-18-5","decane","4.99","nM","Liquid","controlVehicleA","N2",25,"OP50","heated",0.743,8,300,"ul","1,5 glass vial",1000,"ul","rockroll",35,NA,20
"98",NA,NA,2,"c","experiment",3,"CE.LIQ.FLOW.062",2020-11-30,"Sergio Reijnders - Ellis Herder",68,"hour",50,20,"124-18-5","decane","4.99","nM","Liquid","controlVehicleA","N2",25,"OP50","heated",0.743,8,300,"ul","1,5 glass vial",1000,"ul","rockroll",35,NA,20
"99",NA,NA,2,"d","experiment",3,"CE.LIQ.FLOW.062",2020-11-30,"Sergio Reijnders - Ellis Herder",68,"hour",50,22,"124-18-5","decane","4.99","nM","Liquid","controlVehicleA","N2",25,"OP50","heated",0.743,8,300,"ul","1,5 glass vial",1000,"ul","rockroll",35,NA,20
"100",NA,NA,2,"e","experiment",3,"CE.LIQ.FLOW.062",2020-11-30,"Sergio Reijnders - Ellis Herder",68,"hour",50,28,"124-18-5","decane","4.99","nM","Liquid","controlVehicleA","N2",25,"OP50","heated",0.743,8,300,"ul","1,5 glass vial",1000,"ul","rockroll",35,NA,20
"101",NA,NA,3,"a","experiment",3,"CE.LIQ.FLOW.062",2020-11-30,"Sergio Reijnders - Ellis Herder",68,"hour",50,17,"124-18-5","decane","4.99","nM","Liquid","controlVehicleA","N2",25,"OP50","heated",0.743,8,300,"ul","1,5 glass vial",1000,"ul","rockroll",35,NA,20
"102",NA,NA,3,"b","experiment",3,"CE.LIQ.FLOW.062",2020-11-30,"Sergio Reijnders - Ellis Herder",68,"hour",50,14,"124-18-5","decane","4.99","nM","Liquid","controlVehicleA","N2",25,"OP50","heated",0.743,8,300,"ul","1,5 glass vial",1000,"ul","rockroll",35,NA,20
"103",NA,NA,3,"c","experiment",3,"CE.LIQ.FLOW.062",2020-11-30,"Sergio Reijnders - Ellis Herder",68,"hour",50,22,"124-18-5","decane","4.99","nM","Liquid","controlVehicleA","N2",25,"OP50","heated",0.743,8,300,"ul","1,5 glass vial",1000,"ul","rockroll",35,NA,20
"104",NA,NA,3,"d","experiment",3,"CE.LIQ.FLOW.062",2020-11-30,"Sergio Reijnders - Ellis Herder",68,"hour",50,16,"124-18-5","decane","4.99","nM","Liquid","controlVehicleA","N2",25,"OP50","heated",0.743,8,300,"ul","1,5 glass vial",1000,"ul","rockroll",35,NA,20
"105",NA,NA,3,"e","experiment",3,"CE.LIQ.FLOW.062",2020-11-30,"Sergio Reijnders - Ellis Herder",68,"hour",50,32,"124-18-5","decane","4.99","nM","Liquid","controlVehicleA","N2",25,"OP50","heated",0.743,8,300,"ul","1,5 glass vial",1000,"ul","rockroll",35,NA,20
"106",NA,NA,1,"a","experiment",3,"CE.LIQ.FLOW.062",2020-11-30,"Sergio Reijnders - Ellis Herder",68,"hour",50,21,"124-18-5","decane","0.499","nM","Liquid","controlVehicleA","N2",25,"OP50","heated",0.743,8,300,"ul","1,5 glass vial",1000,"ul","rockroll",35,NA,20
"107",NA,NA,1,"b","experiment",3,"CE.LIQ.FLOW.062",2020-11-30,"Sergio Reijnders - Ellis Herder",68,"hour",50,23,"124-18-5","decane","0.499","nM","Liquid","controlVehicleA","N2",25,"OP50","heated",0.743,8,300,"ul","1,5 glass vial",1000,"ul","rockroll",35,NA,20
"108",NA,NA,1,"c","experiment",3,"CE.LIQ.FLOW.062",2020-11-30,"Sergio Reijnders - Ellis Herder",68,"hour",50,21,"124-18-5","decane","0.499","nM","Liquid","controlVehicleA","N2",25,"OP50","heated",0.743,8,300,"ul","1,5 glass vial",1000,"ul","rockroll",35,NA,20
"109",NA,NA,1,"d","experiment",3,"CE.LIQ.FLOW.062",2020-11-30,"Sergio Reijnders - Ellis Herder",68,"hour",50,11,"124-18-5","decane","0.499","nM","Liquid","controlVehicleA","N2",25,"OP50","heated",0.743,8,300,"ul","1,5 glass vial",1000,"ul","rockroll",35,NA,20
"110",NA,NA,1,"e","experiment",3,"CE.LIQ.FLOW.062",2020-11-30,"Sergio Reijnders - Ellis Herder",68,"hour",50,19,"124-18-5","decane","0.499","nM","Liquid","controlVehicleA","N2",25,"OP50","heated",0.743,8,300,"ul","1,5 glass vial",1000,"ul","rockroll",35,NA,20
"111",NA,NA,2,"a","experiment",3,"CE.LIQ.FLOW.062",2020-11-30,"Sergio Reijnders - Ellis Herder",68,"hour",50,38,"124-18-5","decane","0.499","nM","Liquid","controlVehicleA","N2",25,"OP50","heated",0.743,8,300,"ul","1,5 glass vial",1000,"ul","rockroll",35,NA,20
"112",NA,NA,2,"b","experiment",3,"CE.LIQ.FLOW.062",2020-11-30,"Sergio Reijnders - Ellis Herder",68,"hour",50,27,"124-18-5","decane","0.499","nM","Liquid","controlVehicleA","N2",25,"OP50","heated",0.743,8,300,"ul","1,5 glass vial",1000,"ul","rockroll",35,NA,20
"113",NA,NA,2,"c","experiment",3,"CE.LIQ.FLOW.062",2020-11-30,"Sergio Reijnders - Ellis Herder",68,"hour",50,31,"124-18-5","decane","0.499","nM","Liquid","controlVehicleA","N2",25,"OP50","heated",0.743,8,300,"ul","1,5 glass vial",1000,"ul","rockroll",35,NA,20
"114",NA,NA,2,"d","experiment",3,"CE.LIQ.FLOW.062",2020-11-30,"Sergio Reijnders - Ellis Herder",68,"hour",50,25,"124-18-5","decane","0.499","nM","Liquid","controlVehicleA","N2",25,"OP50","heated",0.743,8,300,"ul","1,5 glass vial",1000,"ul","rockroll",35,NA,20
"115",NA,NA,2,"e","experiment",3,"CE.LIQ.FLOW.062",2020-11-30,"Sergio Reijnders - Ellis Herder",68,"hour",50,26,"124-18-5","decane","0.499","nM","Liquid","controlVehicleA","N2",25,"OP50","heated",0.743,8,300,"ul","1,5 glass vial",1000,"ul","rockroll",35,NA,20
"116",NA,NA,3,"a","experiment",3,"CE.LIQ.FLOW.062",2020-11-30,"Sergio Reijnders - Ellis Herder",68,"hour",50,23,"124-18-5","decane","0.499","nM","Liquid","controlVehicleA","N2",25,"OP50","heated",0.743,8,300,"ul","1,5 glass vial",1000,"ul","rockroll",35,NA,20
"117",NA,NA,3,"b","experiment",3,"CE.LIQ.FLOW.062",2020-11-30,"Sergio Reijnders - Ellis Herder",68,"hour",50,10,"124-18-5","decane","0.499","nM","Liquid","controlVehicleA","N2",25,"OP50","heated",0.743,8,300,"ul","1,5 glass vial",1000,"ul","rockroll",35,NA,20
"118",NA,NA,3,"c","experiment",3,"CE.LIQ.FLOW.062",2020-11-30,"Sergio Reijnders - Ellis Herder",68,"hour",50,15,"124-18-5","decane","0.499","nM","Liquid","controlVehicleA","N2",25,"OP50","heated",0.743,8,300,"ul","1,5 glass vial",1000,"ul","rockroll",35,NA,20
"119",NA,NA,3,"d","experiment",3,"CE.LIQ.FLOW.062",2020-11-30,"Sergio Reijnders - Ellis Herder",68,"hour",50,16,"124-18-5","decane","0.499","nM","Liquid","controlVehicleA","N2",25,"OP50","heated",0.743,8,300,"ul","1,5 glass vial",1000,"ul","rockroll",35,NA,20
"120",NA,NA,3,"e","experiment",3,"CE.LIQ.FLOW.062",2020-11-30,"Sergio Reijnders - Ellis Herder",68,"hour",50,25,"124-18-5","decane","0.499","nM","Liquid","controlVehicleA","N2",25,"OP50","heated",0.743,8,300,"ul","1,5 glass vial",1000,"ul","rockroll",35,NA,20
"121",NA,NA,1,"a","experiment",3,"CE.LIQ.FLOW.062",2020-11-30,"Sergio Reijnders - Ellis Herder",68,"hour",50,82,"124-18-5","decane","4.99E-2","nM","Liquid","controlVehicleA","N2",25,"OP50","heated",0.743,8,300,"ul","1,5 glass vial",1000,"ul","rockroll",35,NA,20
"122",NA,NA,1,"b","experiment",3,"CE.LIQ.FLOW.062",2020-11-30,"Sergio Reijnders - Ellis Herder",68,"hour",50,92,"124-18-5","decane","4.99E-2","nM","Liquid","controlVehicleA","N2",25,"OP50","heated",0.743,8,300,"ul","1,5 glass vial",1000,"ul","rockroll",35,NA,20
"123",NA,NA,1,"c","experiment",3,"CE.LIQ.FLOW.062",2020-11-30,"Sergio Reijnders - Ellis Herder",68,"hour",50,107,"124-18-5","decane","4.99E-2","nM","Liquid","controlVehicleA","N2",25,"OP50","heated",0.743,8,300,"ul","1,5 glass vial",1000,"ul","rockroll",35,NA,20
"124",NA,NA,1,"d","experiment",3,"CE.LIQ.FLOW.062",2020-11-30,"Sergio Reijnders - Ellis Herder",68,"hour",50,103,"124-18-5","decane","4.99E-2","nM","Liquid","controlVehicleA","N2",25,"OP50","heated",0.743,8,300,"ul","1,5 glass vial",1000,"ul","rockroll",35,NA,20
"125",NA,NA,1,"e","experiment",3,"CE.LIQ.FLOW.062",2020-11-30,"Sergio Reijnders - Ellis Herder",68,"hour",50,87,"124-18-5","decane","4.99E-2","nM","Liquid","controlVehicleA","N2",25,"OP50","heated",0.743,8,300,"ul","1,5 glass vial",1000,"ul","rockroll",35,NA,20
"126",NA,NA,2,"a","experiment",3,"CE.LIQ.FLOW.062",2020-11-30,"Sergio Reijnders - Ellis Herder",68,"hour",50,77,"124-18-5","decane","4.99E-2","nM","Liquid","controlVehicleA","N2",25,"OP50","heated",0.743,8,300,"ul","1,5 glass vial",1000,"ul","rockroll",35,NA,20
"127",NA,NA,2,"b","experiment",3,"CE.LIQ.FLOW.062",2020-11-30,"Sergio Reijnders - Ellis Herder",68,"hour",50,76,"124-18-5","decane","4.99E-2","nM","Liquid","controlVehicleA","N2",25,"OP50","heated",0.743,8,300,"ul","1,5 glass vial",1000,"ul","rockroll",35,NA,20
"128",NA,NA,2,"c","experiment",3,"CE.LIQ.FLOW.062",2020-11-30,"Sergio Reijnders - Ellis Herder",68,"hour",50,81,"124-18-5","decane","4.99E-2","nM","Liquid","controlVehicleA","N2",25,"OP50","heated",0.743,8,300,"ul","1,5 glass vial",1000,"ul","rockroll",35,NA,20
"129",NA,NA,2,"d","experiment",3,"CE.LIQ.FLOW.062",2020-11-30,"Sergio Reijnders - Ellis Herder",68,"hour",50,68,"124-18-5","decane","4.99E-2","nM","Liquid","controlVehicleA","N2",25,"OP50","heated",0.743,8,300,"ul","1,5 glass vial",1000,"ul","rockroll",35,NA,20
"130",NA,NA,2,"e","experiment",3,"CE.LIQ.FLOW.062",2020-11-30,"Sergio Reijnders - Ellis Herder",68,"hour",50,69,"124-18-5","decane","4.99E-2","nM","Liquid","controlVehicleA","N2",25,"OP50","heated",0.743,8,300,"ul","1,5 glass vial",1000,"ul","rockroll",35,NA,20
"131",NA,NA,3,"a","experiment",3,"CE.LIQ.FLOW.062",2020-11-30,"Sergio Reijnders - Ellis Herder",68,"hour",50,86,"124-18-5","decane","4.99E-2","nM","Liquid","controlVehicleA","N2",25,"OP50","heated",0.743,8,300,"ul","1,5 glass vial",1000,"ul","rockroll",35,NA,20
"132",NA,NA,3,"b","experiment",3,"CE.LIQ.FLOW.062",2020-11-30,"Sergio Reijnders - Ellis Herder",68,"hour",50,97,"124-18-5","decane","4.99E-2","nM","Liquid","controlVehicleA","N2",25,"OP50","heated",0.743,8,300,"ul","1,5 glass vial",1000,"ul","rockroll",35,NA,20
"133",NA,NA,3,"c","experiment",3,"CE.LIQ.FLOW.062",2020-11-30,"Sergio Reijnders - Ellis Herder",68,"hour",50,83,"124-18-5","decane","4.99E-2","nM","Liquid","controlVehicleA","N2",25,"OP50","heated",0.743,8,300,"ul","1,5 glass vial",1000,"ul","rockroll",35,NA,20
"134",NA,NA,3,"d","experiment",3,"CE.LIQ.FLOW.062",2020-11-30,"Sergio Reijnders - Ellis Herder",68,"hour",50,91,"124-18-5","decane","4.99E-2","nM","Liquid","controlVehicleA","N2",25,"OP50","heated",0.743,8,300,"ul","1,5 glass vial",1000,"ul","rockroll",35,NA,20
"135",NA,NA,3,"e","experiment",3,"CE.LIQ.FLOW.062",2020-11-30,"Sergio Reijnders - Ellis Herder",68,"hour",50,78,"124-18-5","decane","4.99E-2","nM","Liquid","controlVehicleA","N2",25,"OP50","heated",0.743,8,300,"ul","1,5 glass vial",1000,"ul","rockroll",35,NA,20
"136",NA,NA,1,"a","experiment",3,"CE.LIQ.FLOW.062",2020-11-30,"Sergio Reijnders - Ellis Herder",68,"hour",50,124,"124-18-5","decane","4.9899999999999996E-3","nM","Liquid","controlVehicleA","N2",25,"OP50","heated",0.743,8,300,"ul","1,5 glass vial",1000,"ul","rockroll",35,NA,20
"137",NA,NA,1,"b","experiment",3,"CE.LIQ.FLOW.062",2020-11-30,"Sergio Reijnders - Ellis Herder",68,"hour",50,101,"124-18-5","decane","4.9899999999999996E-3","nM","Liquid","controlVehicleA","N2",25,"OP50","heated",0.743,8,300,"ul","1,5 glass vial",1000,"ul","rockroll",35,NA,20
"138",NA,NA,1,"c","experiment",3,"CE.LIQ.FLOW.062",2020-11-30,"Sergio Reijnders - Ellis Herder",68,"hour",50,102,"124-18-5","decane","4.9899999999999996E-3","nM","Liquid","controlVehicleA","N2",25,"OP50","heated",0.743,8,300,"ul","1,5 glass vial",1000,"ul","rockroll",35,NA,20
"139",NA,NA,1,"d","experiment",3,"CE.LIQ.FLOW.062",2020-11-30,"Sergio Reijnders - Ellis Herder",68,"hour",50,86,"124-18-5","decane","4.9899999999999996E-3","nM","Liquid","controlVehicleA","N2",25,"OP50","heated",0.743,8,300,"ul","1,5 glass vial",1000,"ul","rockroll",35,NA,20
"140",NA,NA,1,"e","experiment",3,"CE.LIQ.FLOW.062",2020-11-30,"Sergio Reijnders - Ellis Herder",68,"hour",50,84,"124-18-5","decane","4.9899999999999996E-3","nM","Liquid","controlVehicleA","N2",25,"OP50","heated",0.743,8,300,"ul","1,5 glass vial",1000,"ul","rockroll",35,NA,20
"141",NA,NA,2,"a","experiment",3,"CE.LIQ.FLOW.062",2020-11-30,"Sergio Reijnders - Ellis Herder",68,"hour",50,96,"124-18-5","decane","4.9899999999999996E-3","nM","Liquid","controlVehicleA","N2",25,"OP50","heated",0.743,8,300,"ul","1,5 glass vial",1000,"ul","rockroll",35,NA,20
"142",NA,NA,2,"b","experiment",3,"CE.LIQ.FLOW.062",2020-11-30,"Sergio Reijnders - Ellis Herder",68,"hour",50,108,"124-18-5","decane","4.9899999999999996E-3","nM","Liquid","controlVehicleA","N2",25,"OP50","heated",0.743,8,300,"ul","1,5 glass vial",1000,"ul","rockroll",35,NA,20
"143",NA,NA,2,"c","experiment",3,"CE.LIQ.FLOW.062",2020-11-30,"Sergio Reijnders - Ellis Herder",68,"hour",50,74,"124-18-5","decane","4.9899999999999996E-3","nM","Liquid","controlVehicleA","N2",25,"OP50","heated",0.743,8,300,"ul","1,5 glass vial",1000,"ul","rockroll",35,NA,20
"144",NA,NA,2,"d","experiment",3,"CE.LIQ.FLOW.062",2020-11-30,"Sergio Reijnders - Ellis Herder",68,"hour",50,70,"124-18-5","decane","4.9899999999999996E-3","nM","Liquid","controlVehicleA","N2",25,"OP50","heated",0.743,8,300,"ul","1,5 glass vial",1000,"ul","rockroll",35,NA,20
"145",NA,NA,2,"e","experiment",3,"CE.LIQ.FLOW.062",2020-11-30,"Sergio Reijnders - Ellis Herder",68,"hour",50,78,"124-18-5","decane","4.9899999999999996E-3","nM","Liquid","controlVehicleA","N2",25,"OP50","heated",0.743,8,300,"ul","1,5 glass vial",1000,"ul","rockroll",35,NA,20
"146",NA,NA,3,"a","experiment",3,"CE.LIQ.FLOW.062",2020-11-30,"Sergio Reijnders - Ellis Herder",68,"hour",50,93,"124-18-5","decane","4.9899999999999996E-3","nM","Liquid","controlVehicleA","N2",25,"OP50","heated",0.743,8,300,"ul","1,5 glass vial",1000,"ul","rockroll",35,NA,20
"147",NA,NA,3,"b","experiment",3,"CE.LIQ.FLOW.062",2020-11-30,"Sergio Reijnders - Ellis Herder",68,"hour",50,93,"124-18-5","decane","4.9899999999999996E-3","nM","Liquid","controlVehicleA","N2",25,"OP50","heated",0.743,8,300,"ul","1,5 glass vial",1000,"ul","rockroll",35,NA,20
"148",NA,NA,3,"c","experiment",3,"CE.LIQ.FLOW.062",2020-11-30,"Sergio Reijnders - Ellis Herder",68,"hour",50,95,"124-18-5","decane","4.9899999999999996E-3","nM","Liquid","controlVehicleA","N2",25,"OP50","heated",0.743,8,300,"ul","1,5 glass vial",1000,"ul","rockroll",35,NA,20
"149",NA,NA,3,"d","experiment",3,"CE.LIQ.FLOW.062",2020-11-30,"Sergio Reijnders - Ellis Herder",68,"hour",50,83,"124-18-5","decane","4.9899999999999996E-3","nM","Liquid","controlVehicleA","N2",25,"OP50","heated",0.743,8,300,"ul","1,5 glass vial",1000,"ul","rockroll",35,NA,20
"150",NA,NA,3,"e","experiment",3,"CE.LIQ.FLOW.062",2020-11-30,"Sergio Reijnders - Ellis Herder",68,"hour",50,95,"124-18-5","decane","4.9899999999999996E-3","nM","Liquid","controlVehicleA","N2",25,"OP50","heated",0.743,8,300,"ul","1,5 glass vial",1000,"ul","rockroll",35,NA,20
"151",NA,NA,1,"a","experiment",3,"CE.LIQ.FLOW.062",2020-11-30,"Sergio Reijnders - Ellis Herder",68,"hour",50,80,"124-18-5","decane","4.9899999999999999E-4","nM","Liquid","controlVehicleA","N2",25,"OP50","heated",0.743,8,300,"ul","1,5 glass vial",1000,"ul","rockroll",35,NA,20
"152",NA,NA,1,"b","experiment",3,"CE.LIQ.FLOW.062",2020-11-30,"Sergio Reijnders - Ellis Herder",68,"hour",50,92,"124-18-5","decane","4.9899999999999999E-4","nM","Liquid","controlVehicleA","N2",25,"OP50","heated",0.743,8,300,"ul","1,5 glass vial",1000,"ul","rockroll",35,NA,20
"153",NA,NA,1,"c","experiment",3,"CE.LIQ.FLOW.062",2020-11-30,"Sergio Reijnders - Ellis Herder",68,"hour",50,100,"124-18-5","decane","4.9899999999999999E-4","nM","Liquid","controlVehicleA","N2",25,"OP50","heated",0.743,8,300,"ul","1,5 glass vial",1000,"ul","rockroll",35,NA,20
"154",NA,NA,1,"d","experiment",3,"CE.LIQ.FLOW.062",2020-11-30,"Sergio Reijnders - Ellis Herder",68,"hour",50,82,"124-18-5","decane","4.9899999999999999E-4","nM","Liquid","controlVehicleA","N2",25,"OP50","heated",0.743,8,300,"ul","1,5 glass vial",1000,"ul","rockroll",35,NA,20
"155",NA,NA,1,"e","experiment",3,"CE.LIQ.FLOW.062",2020-11-30,"Sergio Reijnders - Ellis Herder",68,"hour",50,94,"124-18-5","decane","4.9899999999999999E-4","nM","Liquid","controlVehicleA","N2",25,"OP50","heated",0.743,8,300,"ul","1,5 glass vial",1000,"ul","rockroll",35,NA,20
"156",NA,NA,2,"a","experiment",3,"CE.LIQ.FLOW.062",2020-11-30,"Sergio Reijnders - Ellis Herder",68,"hour",50,85,"124-18-5","decane","4.9899999999999999E-4","nM","Liquid","controlVehicleA","N2",25,"OP50","heated",0.743,8,300,"ul","1,5 glass vial",1000,"ul","rockroll",35,NA,20
"157",NA,NA,2,"b","experiment",3,"CE.LIQ.FLOW.062",2020-11-30,"Sergio Reijnders - Ellis Herder",68,"hour",50,91,"124-18-5","decane","4.9899999999999999E-4","nM","Liquid","controlVehicleA","N2",25,"OP50","heated",0.743,8,300,"ul","1,5 glass vial",1000,"ul","rockroll",35,NA,20
"158",NA,NA,2,"c","experiment",3,"CE.LIQ.FLOW.062",2020-11-30,"Sergio Reijnders - Ellis Herder",68,"hour",50,91,"124-18-5","decane","4.9899999999999999E-4","nM","Liquid","controlVehicleA","N2",25,"OP50","heated",0.743,8,300,"ul","1,5 glass vial",1000,"ul","rockroll",35,NA,20
"159",NA,NA,2,"d","experiment",3,"CE.LIQ.FLOW.062",2020-11-30,"Sergio Reijnders - Ellis Herder",68,"hour",50,113,"124-18-5","decane","4.9899999999999999E-4","nM","Liquid","controlVehicleA","N2",25,"OP50","heated",0.743,8,300,"ul","1,5 glass vial",1000,"ul","rockroll",35,NA,20
"160",NA,NA,2,"e","experiment",3,"CE.LIQ.FLOW.062",2020-11-30,"Sergio Reijnders - Ellis Herder",68,"hour",50,117,"124-18-5","decane","4.9899999999999999E-4","nM","Liquid","controlVehicleA","N2",25,"OP50","heated",0.743,8,300,"ul","1,5 glass vial",1000,"ul","rockroll",35,NA,20
"161",NA,NA,3,"a","experiment",3,"CE.LIQ.FLOW.062",2020-11-30,"Sergio Reijnders - Ellis Herder",68,"hour",50,86,"124-18-5","decane","4.9899999999999999E-4","nM","Liquid","controlVehicleA","N2",25,"OP50","heated",0.743,8,300,"ul","1,5 glass vial",1000,"ul","rockroll",35,NA,20
"162",NA,NA,3,"b","experiment",3,"CE.LIQ.FLOW.062",2020-11-30,"Sergio Reijnders - Ellis Herder",68,"hour",50,100,"124-18-5","decane","4.9899999999999999E-4","nM","Liquid","controlVehicleA","N2",25,"OP50","heated",0.743,8,300,"ul","1,5 glass vial",1000,"ul","rockroll",35,NA,20
"163",NA,NA,3,"c","experiment",3,"CE.LIQ.FLOW.062",2020-11-30,"Sergio Reijnders - Ellis Herder",68,"hour",50,93,"124-18-5","decane","4.9899999999999999E-4","nM","Liquid","controlVehicleA","N2",25,"OP50","heated",0.743,8,300,"ul","1,5 glass vial",1000,"ul","rockroll",35,NA,20
"164",NA,NA,3,"d","experiment",3,"CE.LIQ.FLOW.062",2020-11-30,"Sergio Reijnders - Ellis Herder",68,"hour",50,79,"124-18-5","decane","4.9899999999999999E-4","nM","Liquid","controlVehicleA","N2",25,"OP50","heated",0.743,8,300,"ul","1,5 glass vial",1000,"ul","rockroll",35,NA,20
"165",NA,NA,3,"e","experiment",3,"CE.LIQ.FLOW.062",2020-11-30,"Sergio Reijnders - Ellis Herder",68,"hour",50,89,"124-18-5","decane","4.9899999999999999E-4","nM","Liquid","controlVehicleA","N2",25,"OP50","heated",0.743,8,300,"ul","1,5 glass vial",1000,"ul","rockroll",35,NA,20
"166",NA,NA,1,"a","experiment",3,"CE.LIQ.FLOW.062",2020-11-30,"Sergio Reijnders - Ellis Herder",68,"hour",50,78,"124-18-5","decane","4.99E-5","nM","Liquid","controlVehicleA","N2",25,"OP50","heated",0.743,8,300,"ul","1,5 glass vial",1000,"ul","rockroll",35,NA,20
"167",NA,NA,1,"b","experiment",3,"CE.LIQ.FLOW.062",2020-11-30,"Sergio Reijnders - Ellis Herder",68,"hour",50,91,"124-18-5","decane","4.99E-5","nM","Liquid","controlVehicleA","N2",25,"OP50","heated",0.743,8,300,"ul","1,5 glass vial",1000,"ul","rockroll",35,NA,20
"168",NA,NA,1,"c","experiment",3,"CE.LIQ.FLOW.062",2020-11-30,"Sergio Reijnders - Ellis Herder",68,"hour",50,85,"124-18-5","decane","4.99E-5","nM","Liquid","controlVehicleA","N2",25,"OP50","heated",0.743,8,300,"ul","1,5 glass vial",1000,"ul","rockroll",35,NA,20
"169",NA,NA,1,"d","experiment",3,"CE.LIQ.FLOW.062",2020-11-30,"Sergio Reijnders - Ellis Herder",68,"hour",50,87,"124-18-5","decane","4.99E-5","nM","Liquid","controlVehicleA","N2",25,"OP50","heated",0.743,8,300,"ul","1,5 glass vial",1000,"ul","rockroll",35,NA,20
"170",NA,NA,1,"e","experiment",3,"CE.LIQ.FLOW.062",2020-11-30,"Sergio Reijnders - Ellis Herder",68,"hour",50,103,"124-18-5","decane","4.99E-5","nM","Liquid","controlVehicleA","N2",25,"OP50","heated",0.743,8,300,"ul","1,5 glass vial",1000,"ul","rockroll",35,NA,20
"171",NA,NA,2,"a","experiment",3,"CE.LIQ.FLOW.062",2020-11-30,"Sergio Reijnders - Ellis Herder",68,"hour",50,85,"124-18-5","decane","4.99E-5","nM","Liquid","controlVehicleA","N2",25,"OP50","heated",0.743,8,300,"ul","1,5 glass vial",1000,"ul","rockroll",35,NA,20
"172",NA,NA,2,"b","experiment",3,"CE.LIQ.FLOW.062",2020-11-30,"Sergio Reijnders - Ellis Herder",68,"hour",50,87,"124-18-5","decane","4.99E-5","nM","Liquid","controlVehicleA","N2",25,"OP50","heated",0.743,8,300,"ul","1,5 glass vial",1000,"ul","rockroll",35,NA,20
"173",NA,NA,2,"c","experiment",3,"CE.LIQ.FLOW.062",2020-11-30,"Sergio Reijnders - Ellis Herder",68,"hour",50,103,"124-18-5","decane","4.99E-5","nM","Liquid","controlVehicleA","N2",25,"OP50","heated",0.743,8,300,"ul","1,5 glass vial",1000,"ul","rockroll",35,NA,20
"174",NA,NA,2,"d","experiment",3,"CE.LIQ.FLOW.062",2020-11-30,"Sergio Reijnders - Ellis Herder",68,"hour",50,85,"124-18-5","decane","4.99E-5","nM","Liquid","controlVehicleA","N2",25,"OP50","heated",0.743,8,300,"ul","1,5 glass vial",1000,"ul","rockroll",35,NA,20
"175",NA,NA,2,"e","experiment",3,"CE.LIQ.FLOW.062",2020-11-30,"Sergio Reijnders - Ellis Herder",68,"hour",50,89,"124-18-5","decane","4.99E-5","nM","Liquid","controlVehicleA","N2",25,"OP50","heated",0.743,8,300,"ul","1,5 glass vial",1000,"ul","rockroll",35,NA,20
"176",NA,NA,3,"a","experiment",3,"CE.LIQ.FLOW.062",2020-11-30,"Sergio Reijnders - Ellis Herder",68,"hour",50,82,"124-18-5","decane","4.99E-5","nM","Liquid","controlVehicleA","N2",25,"OP50","heated",0.743,8,300,"ul","1,5 glass vial",1000,"ul","rockroll",35,NA,20
"177",NA,NA,3,"b","experiment",3,"CE.LIQ.FLOW.062",2020-11-30,"Sergio Reijnders - Ellis Herder",68,"hour",50,93,"124-18-5","decane","4.99E-5","nM","Liquid","controlVehicleA","N2",25,"OP50","heated",0.743,8,300,"ul","1,5 glass vial",1000,"ul","rockroll",35,NA,20
"178",NA,NA,3,"c","experiment",3,"CE.LIQ.FLOW.062",2020-11-30,"Sergio Reijnders - Ellis Herder",68,"hour",50,84,"124-18-5","decane","4.99E-5","nM","Liquid","controlVehicleA","N2",25,"OP50","heated",0.743,8,300,"ul","1,5 glass vial",1000,"ul","rockroll",35,NA,20
"179",NA,NA,3,"d","experiment",3,"CE.LIQ.FLOW.062",2020-11-30,"Sergio Reijnders - Ellis Herder",68,"hour",50,110,"124-18-5","decane","4.99E-5","nM","Liquid","controlVehicleA","N2",25,"OP50","heated",0.743,8,300,"ul","1,5 glass vial",1000,"ul","rockroll",35,NA,20
"180",NA,NA,3,"e","experiment",3,"CE.LIQ.FLOW.062",2020-11-30,"Sergio Reijnders - Ellis Herder",68,"hour",50,85,"124-18-5","decane","4.99E-5","nM","Liquid","controlVehicleA","N2",25,"OP50","heated",0.743,8,300,"ul","1,5 glass vial",1000,"ul","rockroll",35,NA,20
"181",NA,NA,1,"a","experiment",3,"CE.LIQ.FLOW.062",2020-11-30,"Sergio Reijnders - Ellis Herder",68,"hour",50,3,"91-20-3","naphthalene","19.5","nM","Liquid","controlVehicleA","N2",25,"OP50","heated",0.743,8,300,"ul","1,5 glass vial",1000,"ul","rockroll",35,NA,20
"182",NA,NA,1,"b","experiment",3,"CE.LIQ.FLOW.062",2020-11-30,"Sergio Reijnders - Ellis Herder",68,"hour",50,2,"91-20-3","naphthalene","19.5","nM","Liquid","controlVehicleA","N2",25,"OP50","heated",0.743,8,300,"ul","1,5 glass vial",1000,"ul","rockroll",35,NA,20
"183",NA,NA,1,"c","experiment",3,"CE.LIQ.FLOW.062",2020-11-30,"Sergio Reijnders - Ellis Herder",68,"hour",50,0,"91-20-3","naphthalene","19.5","nM","Liquid","controlVehicleA","N2",25,"OP50","heated",0.743,8,300,"ul","1,5 glass vial",1000,"ul","rockroll",35,NA,20
"184",NA,NA,1,"d","experiment",3,"CE.LIQ.FLOW.062",2020-11-30,"Sergio Reijnders - Ellis Herder",68,"hour",50,0,"91-20-3","naphthalene","19.5","nM","Liquid","controlVehicleA","N2",25,"OP50","heated",0.743,8,300,"ul","1,5 glass vial",1000,"ul","rockroll",35,NA,20
"185",NA,NA,1,"e","experiment",3,"CE.LIQ.FLOW.062",2020-11-30,"Sergio Reijnders - Ellis Herder",68,"hour",50,2,"91-20-3","naphthalene","19.5","nM","Liquid","controlVehicleA","N2",25,"OP50","heated",0.743,8,300,"ul","1,5 glass vial",1000,"ul","rockroll",35,NA,20
"186",NA,NA,2,"a","experiment",3,"CE.LIQ.FLOW.062",2020-11-30,"Sergio Reijnders - Ellis Herder",68,"hour",50,2,"91-20-3","naphthalene","19.5","nM","Liquid","controlVehicleA","N2",25,"OP50","heated",0.743,8,300,"ul","1,5 glass vial",1000,"ul","rockroll",35,NA,20
"187",NA,NA,2,"b","experiment",3,"CE.LIQ.FLOW.062",2020-11-30,"Sergio Reijnders - Ellis Herder",68,"hour",50,0,"91-20-3","naphthalene","19.5","nM","Liquid","controlVehicleA","N2",25,"OP50","heated",0.743,8,300,"ul","1,5 glass vial",1000,"ul","rockroll",35,NA,20
"188",NA,NA,2,"c","experiment",3,"CE.LIQ.FLOW.062",2020-11-30,"Sergio Reijnders - Ellis Herder",68,"hour",50,0,"91-20-3","naphthalene","19.5","nM","Liquid","controlVehicleA","N2",25,"OP50","heated",0.743,8,300,"ul","1,5 glass vial",1000,"ul","rockroll",35,NA,20
"189",NA,NA,2,"d","experiment",3,"CE.LIQ.FLOW.062",2020-11-30,"Sergio Reijnders - Ellis Herder",68,"hour",50,1,"91-20-3","naphthalene","19.5","nM","Liquid","controlVehicleA","N2",25,"OP50","heated",0.743,8,300,"ul","1,5 glass vial",1000,"ul","rockroll",35,NA,20
"190",NA,NA,2,"e","experiment",3,"CE.LIQ.FLOW.062",2020-11-30,"Sergio Reijnders - Ellis Herder",68,"hour",50,1,"91-20-3","naphthalene","19.5","nM","Liquid","controlVehicleA","N2",25,"OP50","heated",0.743,8,300,"ul","1,5 glass vial",1000,"ul","rockroll",35,NA,20
"191",NA,NA,3,"a","experiment",3,"CE.LIQ.FLOW.062",2020-11-30,"Sergio Reijnders - Ellis Herder",68,"hour",50,NA,"91-20-3","naphthalene","19.5","nM","Liquid","controlVehicleA","N2",25,"OP50","heated",0.743,8,300,"ul","1,5 glass vial",1000,"ul","rockroll",35,NA,20
"192",NA,NA,3,"b","experiment",3,"CE.LIQ.FLOW.062",2020-11-30,"Sergio Reijnders - Ellis Herder",68,"hour",50,NA,"91-20-3","naphthalene","19.5","nM","Liquid","controlVehicleA","N2",25,"OP50","heated",0.743,8,300,"ul","1,5 glass vial",1000,"ul","rockroll",35,NA,20
"193",NA,NA,3,"c","experiment",3,"CE.LIQ.FLOW.062",2020-11-30,"Sergio Reijnders - Ellis Herder",68,"hour",50,NA,"91-20-3","naphthalene","19.5","nM","Liquid","controlVehicleA","N2",25,"OP50","heated",0.743,8,300,"ul","1,5 glass vial",1000,"ul","rockroll",35,NA,20
"194",NA,NA,3,"d","experiment",3,"CE.LIQ.FLOW.062",2020-11-30,"Sergio Reijnders - Ellis Herder",68,"hour",50,NA,"91-20-3","naphthalene","19.5","nM","Liquid","controlVehicleA","N2",25,"OP50","heated",0.743,8,300,"ul","1,5 glass vial",1000,"ul","rockroll",35,NA,20
"195",NA,NA,3,"e","experiment",3,"CE.LIQ.FLOW.062",2020-11-30,"Sergio Reijnders - Ellis Herder",68,"hour",50,NA,"91-20-3","naphthalene","19.5","nM","Liquid","controlVehicleA","N2",25,"OP50","heated",0.743,8,300,"ul","1,5 glass vial",1000,"ul","rockroll",35,NA,20
"196",NA,NA,1,"a","experiment",3,"CE.LIQ.FLOW.062",2020-11-30,"Sergio Reijnders - Ellis Herder",68,"hour",50,67,"91-20-3","naphthalene","1.95","nM","Liquid","controlVehicleA","N2",25,"OP50","heated",0.743,8,300,"ul","1,5 glass vial",1000,"ul","rockroll",35,NA,20
"197",NA,NA,1,"b","experiment",3,"CE.LIQ.FLOW.062",2020-11-30,"Sergio Reijnders - Ellis Herder",68,"hour",50,69,"91-20-3","naphthalene","1.95","nM","Liquid","controlVehicleA","N2",25,"OP50","heated",0.743,8,300,"ul","1,5 glass vial",1000,"ul","rockroll",35,NA,20
"198",NA,NA,1,"c","experiment",3,"CE.LIQ.FLOW.062",2020-11-30,"Sergio Reijnders - Ellis Herder",68,"hour",50,64,"91-20-3","naphthalene","1.95","nM","Liquid","controlVehicleA","N2",25,"OP50","heated",0.743,8,300,"ul","1,5 glass vial",1000,"ul","rockroll",35,NA,20
"199",NA,NA,1,"d","experiment",3,"CE.LIQ.FLOW.062",2020-11-30,"Sergio Reijnders - Ellis Herder",68,"hour",50,45,"91-20-3","naphthalene","1.95","nM","Liquid","controlVehicleA","N2",25,"OP50","heated",0.743,8,300,"ul","1,5 glass vial",1000,"ul","rockroll",35,NA,20
"200",NA,NA,1,"e","experiment",3,"CE.LIQ.FLOW.062",2020-11-30,"Sergio Reijnders - Ellis Herder",68,"hour",50,53,"91-20-3","naphthalene","1.95","nM","Liquid","controlVehicleA","N2",25,"OP50","heated",0.743,8,300,"ul","1,5 glass vial",1000,"ul","rockroll",35,NA,20
"201",NA,NA,2,"a","experiment",3,"CE.LIQ.FLOW.062",2020-11-30,"Sergio Reijnders - Ellis Herder",68,"hour",50,78,"91-20-3","naphthalene","1.95","nM","Liquid","controlVehicleA","N2",25,"OP50","heated",0.743,8,300,"ul","1,5 glass vial",1000,"ul","rockroll",35,NA,20
"202",NA,NA,2,"b","experiment",3,"CE.LIQ.FLOW.062",2020-11-30,"Sergio Reijnders - Ellis Herder",68,"hour",50,74,"91-20-3","naphthalene","1.95","nM","Liquid","controlVehicleA","N2",25,"OP50","heated",0.743,8,300,"ul","1,5 glass vial",1000,"ul","rockroll",35,NA,20
"203",NA,NA,2,"c","experiment",3,"CE.LIQ.FLOW.062",2020-11-30,"Sergio Reijnders - Ellis Herder",68,"hour",50,72,"91-20-3","naphthalene","1.95","nM","Liquid","controlVehicleA","N2",25,"OP50","heated",0.743,8,300,"ul","1,5 glass vial",1000,"ul","rockroll",35,NA,20
"204",NA,NA,2,"d","experiment",3,"CE.LIQ.FLOW.062",2020-11-30,"Sergio Reijnders - Ellis Herder",68,"hour",50,58,"91-20-3","naphthalene","1.95","nM","Liquid","controlVehicleA","N2",25,"OP50","heated",0.743,8,300,"ul","1,5 glass vial",1000,"ul","rockroll",35,NA,20
"205",NA,NA,2,"e","experiment",3,"CE.LIQ.FLOW.062",2020-11-30,"Sergio Reijnders - Ellis Herder",68,"hour",50,60,"91-20-3","naphthalene","1.95","nM","Liquid","controlVehicleA","N2",25,"OP50","heated",0.743,8,300,"ul","1,5 glass vial",1000,"ul","rockroll",35,NA,20
"206",NA,NA,3,"a","experiment",3,"CE.LIQ.FLOW.062",2020-11-30,"Sergio Reijnders - Ellis Herder",68,"hour",50,59,"91-20-3","naphthalene","1.95","nM","Liquid","controlVehicleA","N2",25,"OP50","heated",0.743,8,300,"ul","1,5 glass vial",1000,"ul","rockroll",35,NA,20
"207",NA,NA,3,"b","experiment",3,"CE.LIQ.FLOW.062",2020-11-30,"Sergio Reijnders - Ellis Herder",68,"hour",50,53,"91-20-3","naphthalene","1.95","nM","Liquid","controlVehicleA","N2",25,"OP50","heated",0.743,8,300,"ul","1,5 glass vial",1000,"ul","rockroll",35,NA,20
"208",NA,NA,3,"c","experiment",3,"CE.LIQ.FLOW.062",2020-11-30,"Sergio Reijnders - Ellis Herder",68,"hour",50,63,"91-20-3","naphthalene","1.95","nM","Liquid","controlVehicleA","N2",25,"OP50","heated",0.743,8,300,"ul","1,5 glass vial",1000,"ul","rockroll",35,NA,20
"209",NA,NA,3,"d","experiment",3,"CE.LIQ.FLOW.062",2020-11-30,"Sergio Reijnders - Ellis Herder",68,"hour",50,67,"91-20-3","naphthalene","1.95","nM","Liquid","controlVehicleA","N2",25,"OP50","heated",0.743,8,300,"ul","1,5 glass vial",1000,"ul","rockroll",35,NA,20
"210",NA,NA,3,"e","experiment",3,"CE.LIQ.FLOW.062",2020-11-30,"Sergio Reijnders - Ellis Herder",68,"hour",50,71,"91-20-3","naphthalene","1.95","nM","Liquid","controlVehicleA","N2",25,"OP50","heated",0.743,8,300,"ul","1,5 glass vial",1000,"ul","rockroll",35,NA,20
"211",NA,NA,1,"a","experiment",3,"CE.LIQ.FLOW.062",2020-11-30,"Sergio Reijnders - Ellis Herder",68,"hour",50,69,"91-20-3","naphthalene","0.19500000000000001","nM","Liquid","controlVehicleA","N2",25,"OP50","heated",0.743,8,300,"ul","1,5 glass vial",1000,"ul","rockroll",35,NA,20
"212",NA,NA,1,"b","experiment",3,"CE.LIQ.FLOW.062",2020-11-30,"Sergio Reijnders - Ellis Herder",68,"hour",50,65,"91-20-3","naphthalene","0.19500000000000001","nM","Liquid","controlVehicleA","N2",25,"OP50","heated",0.743,8,300,"ul","1,5 glass vial",1000,"ul","rockroll",35,NA,20
"213",NA,NA,1,"c","experiment",3,"CE.LIQ.FLOW.062",2020-11-30,"Sergio Reijnders - Ellis Herder",68,"hour",50,53,"91-20-3","naphthalene","0.19500000000000001","nM","Liquid","controlVehicleA","N2",25,"OP50","heated",0.743,8,300,"ul","1,5 glass vial",1000,"ul","rockroll",35,NA,20
"214",NA,NA,1,"d","experiment",3,"CE.LIQ.FLOW.062",2020-11-30,"Sergio Reijnders - Ellis Herder",68,"hour",50,66,"91-20-3","naphthalene","0.19500000000000001","nM","Liquid","controlVehicleA","N2",25,"OP50","heated",0.743,8,300,"ul","1,5 glass vial",1000,"ul","rockroll",35,NA,20
"215",NA,NA,1,"e","experiment",3,"CE.LIQ.FLOW.062",2020-11-30,"Sergio Reijnders - Ellis Herder",68,"hour",50,50,"91-20-3","naphthalene","0.19500000000000001","nM","Liquid","controlVehicleA","N2",25,"OP50","heated",0.743,8,300,"ul","1,5 glass vial",1000,"ul","rockroll",35,NA,20
"216",NA,NA,2,"a","experiment",3,"CE.LIQ.FLOW.062",2020-11-30,"Sergio Reijnders - Ellis Herder",68,"hour",50,58,"91-20-3","naphthalene","0.19500000000000001","nM","Liquid","controlVehicleA","N2",25,"OP50","heated",0.743,8,300,"ul","1,5 glass vial",1000,"ul","rockroll",35,NA,20
"217",NA,NA,2,"b","experiment",3,"CE.LIQ.FLOW.062",2020-11-30,"Sergio Reijnders - Ellis Herder",68,"hour",50,68,"91-20-3","naphthalene","0.19500000000000001","nM","Liquid","controlVehicleA","N2",25,"OP50","heated",0.743,8,300,"ul","1,5 glass vial",1000,"ul","rockroll",35,NA,20
"218",NA,NA,2,"c","experiment",3,"CE.LIQ.FLOW.062",2020-11-30,"Sergio Reijnders - Ellis Herder",68,"hour",50,54,"91-20-3","naphthalene","0.19500000000000001","nM","Liquid","controlVehicleA","N2",25,"OP50","heated",0.743,8,300,"ul","1,5 glass vial",1000,"ul","rockroll",35,NA,20
"219",NA,NA,2,"d","experiment",3,"CE.LIQ.FLOW.062",2020-11-30,"Sergio Reijnders - Ellis Herder",68,"hour",50,79,"91-20-3","naphthalene","0.19500000000000001","nM","Liquid","controlVehicleA","N2",25,"OP50","heated",0.743,8,300,"ul","1,5 glass vial",1000,"ul","rockroll",35,NA,20
"220",NA,NA,2,"e","experiment",3,"CE.LIQ.FLOW.062",2020-11-30,"Sergio Reijnders - Ellis Herder",68,"hour",50,58,"91-20-3","naphthalene","0.19500000000000001","nM","Liquid","controlVehicleA","N2",25,"OP50","heated",0.743,8,300,"ul","1,5 glass vial",1000,"ul","rockroll",35,NA,20
"221",NA,NA,3,"a","experiment",3,"CE.LIQ.FLOW.062",2020-11-30,"Sergio Reijnders - Ellis Herder",68,"hour",50,71,"91-20-3","naphthalene","0.19500000000000001","nM","Liquid","controlVehicleA","N2",25,"OP50","heated",0.743,8,300,"ul","1,5 glass vial",1000,"ul","rockroll",35,NA,20
"222",NA,NA,3,"b","experiment",3,"CE.LIQ.FLOW.062",2020-11-30,"Sergio Reijnders - Ellis Herder",68,"hour",50,69,"91-20-3","naphthalene","0.19500000000000001","nM","Liquid","controlVehicleA","N2",25,"OP50","heated",0.743,8,300,"ul","1,5 glass vial",1000,"ul","rockroll",35,NA,20
"223",NA,NA,3,"c","experiment",3,"CE.LIQ.FLOW.062",2020-11-30,"Sergio Reijnders - Ellis Herder",68,"hour",50,67,"91-20-3","naphthalene","0.19500000000000001","nM","Liquid","controlVehicleA","N2",25,"OP50","heated",0.743,8,300,"ul","1,5 glass vial",1000,"ul","rockroll",35,NA,20
"224",NA,NA,3,"d","experiment",3,"CE.LIQ.FLOW.062",2020-11-30,"Sergio Reijnders - Ellis Herder",68,"hour",50,63,"91-20-3","naphthalene","0.19500000000000001","nM","Liquid","controlVehicleA","N2",25,"OP50","heated",0.743,8,300,"ul","1,5 glass vial",1000,"ul","rockroll",35,NA,20
"225",NA,NA,3,"e","experiment",3,"CE.LIQ.FLOW.062",2020-11-30,"Sergio Reijnders - Ellis Herder",68,"hour",50,60,"91-20-3","naphthalene","0.19500000000000001","nM","Liquid","controlVehicleA","N2",25,"OP50","heated",0.743,8,300,"ul","1,5 glass vial",1000,"ul","rockroll",35,NA,20
"226",NA,NA,1,"a","experiment",3,"CE.LIQ.FLOW.062",2020-11-30,"Sergio Reijnders - Ellis Herder",68,"hour",50,82,"91-20-3","naphthalene","1.95E-2","nM","Liquid","controlVehicleA","N2",25,"OP50","heated",0.743,8,300,"ul","1,5 glass vial",1000,"ul","rockroll",35,NA,20
"227",NA,NA,1,"b","experiment",3,"CE.LIQ.FLOW.062",2020-11-30,"Sergio Reijnders - Ellis Herder",68,"hour",50,99,"91-20-3","naphthalene","1.95E-2","nM","Liquid","controlVehicleA","N2",25,"OP50","heated",0.743,8,300,"ul","1,5 glass vial",1000,"ul","rockroll",35,NA,20
"228",NA,NA,1,"c","experiment",3,"CE.LIQ.FLOW.062",2020-11-30,"Sergio Reijnders - Ellis Herder",68,"hour",50,76,"91-20-3","naphthalene","1.95E-2","nM","Liquid","controlVehicleA","N2",25,"OP50","heated",0.743,8,300,"ul","1,5 glass vial",1000,"ul","rockroll",35,NA,20
"229",NA,NA,1,"d","experiment",3,"CE.LIQ.FLOW.062",2020-11-30,"Sergio Reijnders - Ellis Herder",68,"hour",50,64,"91-20-3","naphthalene","1.95E-2","nM","Liquid","controlVehicleA","N2",25,"OP50","heated",0.743,8,300,"ul","1,5 glass vial",1000,"ul","rockroll",35,NA,20
"230",NA,NA,1,"e","experiment",3,"CE.LIQ.FLOW.062",2020-11-30,"Sergio Reijnders - Ellis Herder",68,"hour",50,73,"91-20-3","naphthalene","1.95E-2","nM","Liquid","controlVehicleA","N2",25,"OP50","heated",0.743,8,300,"ul","1,5 glass vial",1000,"ul","rockroll",35,NA,20
"231",NA,NA,2,"a","experiment",3,"CE.LIQ.FLOW.062",2020-11-30,"Sergio Reijnders - Ellis Herder",68,"hour",50,57,"91-20-3","naphthalene","1.95E-2","nM","Liquid","controlVehicleA","N2",25,"OP50","heated",0.743,8,300,"ul","1,5 glass vial",1000,"ul","rockroll",35,NA,20
"232",NA,NA,2,"b","experiment",3,"CE.LIQ.FLOW.062",2020-11-30,"Sergio Reijnders - Ellis Herder",68,"hour",50,67,"91-20-3","naphthalene","1.95E-2","nM","Liquid","controlVehicleA","N2",25,"OP50","heated",0.743,8,300,"ul","1,5 glass vial",1000,"ul","rockroll",35,NA,20
"233",NA,NA,2,"c","experiment",3,"CE.LIQ.FLOW.062",2020-11-30,"Sergio Reijnders - Ellis Herder",68,"hour",50,70,"91-20-3","naphthalene","1.95E-2","nM","Liquid","controlVehicleA","N2",25,"OP50","heated",0.743,8,300,"ul","1,5 glass vial",1000,"ul","rockroll",35,NA,20
"234",NA,NA,2,"d","experiment",3,"CE.LIQ.FLOW.062",2020-11-30,"Sergio Reijnders - Ellis Herder",68,"hour",50,91,"91-20-3","naphthalene","1.95E-2","nM","Liquid","controlVehicleA","N2",25,"OP50","heated",0.743,8,300,"ul","1,5 glass vial",1000,"ul","rockroll",35,NA,20
"235",NA,NA,2,"e","experiment",3,"CE.LIQ.FLOW.062",2020-11-30,"Sergio Reijnders - Ellis Herder",68,"hour",50,69,"91-20-3","naphthalene","1.95E-2","nM","Liquid","controlVehicleA","N2",25,"OP50","heated",0.743,8,300,"ul","1,5 glass vial",1000,"ul","rockroll",35,NA,20
"236",NA,NA,3,"a","experiment",3,"CE.LIQ.FLOW.062",2020-11-30,"Sergio Reijnders - Ellis Herder",68,"hour",50,67,"91-20-3","naphthalene","1.95E-2","nM","Liquid","controlVehicleA","N2",25,"OP50","heated",0.743,8,300,"ul","1,5 glass vial",1000,"ul","rockroll",35,NA,20
"237",NA,NA,3,"b","experiment",3,"CE.LIQ.FLOW.062",2020-11-30,"Sergio Reijnders - Ellis Herder",68,"hour",50,107,"91-20-3","naphthalene","1.95E-2","nM","Liquid","controlVehicleA","N2",25,"OP50","heated",0.743,8,300,"ul","1,5 glass vial",1000,"ul","rockroll",35,NA,20
"238",NA,NA,3,"c","experiment",3,"CE.LIQ.FLOW.062",2020-11-30,"Sergio Reijnders - Ellis Herder",68,"hour",50,80,"91-20-3","naphthalene","1.95E-2","nM","Liquid","controlVehicleA","N2",25,"OP50","heated",0.743,8,300,"ul","1,5 glass vial",1000,"ul","rockroll",35,NA,20
"239",NA,NA,3,"d","experiment",3,"CE.LIQ.FLOW.062",2020-11-30,"Sergio Reijnders - Ellis Herder",68,"hour",50,75,"91-20-3","naphthalene","1.95E-2","nM","Liquid","controlVehicleA","N2",25,"OP50","heated",0.743,8,300,"ul","1,5 glass vial",1000,"ul","rockroll",35,NA,20
"240",NA,NA,3,"e","experiment",3,"CE.LIQ.FLOW.062",2020-11-30,"Sergio Reijnders - Ellis Herder",68,"hour",50,77,"91-20-3","naphthalene","1.95E-2","nM","Liquid","controlVehicleA","N2",25,"OP50","heated",0.743,8,300,"ul","1,5 glass vial",1000,"ul","rockroll",35,NA,20
"241",NA,NA,1,"a","experiment",3,"CE.LIQ.FLOW.062",2020-11-30,"Sergio Reijnders - Ellis Herder",68,"hour",50,101,"91-20-3","naphthalene","1.9499999999999999E-3","nM","Liquid","controlVehicleA","N2",25,"OP50","heated",0.743,8,300,"ul","1,5 glass vial",1000,"ul","rockroll",35,NA,20
"242",NA,NA,1,"b","experiment",3,"CE.LIQ.FLOW.062",2020-11-30,"Sergio Reijnders - Ellis Herder",68,"hour",50,84,"91-20-3","naphthalene","1.9499999999999999E-3","nM","Liquid","controlVehicleA","N2",25,"OP50","heated",0.743,8,300,"ul","1,5 glass vial",1000,"ul","rockroll",35,NA,20
"243",NA,NA,1,"c","experiment",3,"CE.LIQ.FLOW.062",2020-11-30,"Sergio Reijnders - Ellis Herder",68,"hour",50,74,"91-20-3","naphthalene","1.9499999999999999E-3","nM","Liquid","controlVehicleA","N2",25,"OP50","heated",0.743,8,300,"ul","1,5 glass vial",1000,"ul","rockroll",35,NA,20
"244",NA,NA,1,"d","experiment",3,"CE.LIQ.FLOW.062",2020-11-30,"Sergio Reijnders - Ellis Herder",68,"hour",50,71,"91-20-3","naphthalene","1.9499999999999999E-3","nM","Liquid","controlVehicleA","N2",25,"OP50","heated",0.743,8,300,"ul","1,5 glass vial",1000,"ul","rockroll",35,NA,20
"245",NA,NA,1,"e","experiment",3,"CE.LIQ.FLOW.062",2020-11-30,"Sergio Reijnders - Ellis Herder",68,"hour",50,90,"91-20-3","naphthalene","1.9499999999999999E-3","nM","Liquid","controlVehicleA","N2",25,"OP50","heated",0.743,8,300,"ul","1,5 glass vial",1000,"ul","rockroll",35,NA,20
"246",NA,NA,2,"a","experiment",3,"CE.LIQ.FLOW.062",2020-11-30,"Sergio Reijnders - Ellis Herder",68,"hour",50,105,"91-20-3","naphthalene","1.9499999999999999E-3","nM","Liquid","controlVehicleA","N2",25,"OP50","heated",0.743,8,300,"ul","1,5 glass vial",1000,"ul","rockroll",35,NA,20
"247",NA,NA,2,"b","experiment",3,"CE.LIQ.FLOW.062",2020-11-30,"Sergio Reijnders - Ellis Herder",68,"hour",50,81,"91-20-3","naphthalene","1.9499999999999999E-3","nM","Liquid","controlVehicleA","N2",25,"OP50","heated",0.743,8,300,"ul","1,5 glass vial",1000,"ul","rockroll",35,NA,20
"248",NA,NA,2,"c","experiment",3,"CE.LIQ.FLOW.062",2020-11-30,"Sergio Reijnders - Ellis Herder",68,"hour",50,104,"91-20-3","naphthalene","1.9499999999999999E-3","nM","Liquid","controlVehicleA","N2",25,"OP50","heated",0.743,8,300,"ul","1,5 glass vial",1000,"ul","rockroll",35,NA,20
"249",NA,NA,2,"d","experiment",3,"CE.LIQ.FLOW.062",2020-11-30,"Sergio Reijnders - Ellis Herder",68,"hour",50,84,"91-20-3","naphthalene","1.9499999999999999E-3","nM","Liquid","controlVehicleA","N2",25,"OP50","heated",0.743,8,300,"ul","1,5 glass vial",1000,"ul","rockroll",35,NA,20
"250",NA,NA,2,"e","experiment",3,"CE.LIQ.FLOW.062",2020-11-30,"Sergio Reijnders - Ellis Herder",68,"hour",50,76,"91-20-3","naphthalene","1.9499999999999999E-3","nM","Liquid","controlVehicleA","N2",25,"OP50","heated",0.743,8,300,"ul","1,5 glass vial",1000,"ul","rockroll",35,NA,20
"251",NA,NA,3,"a","experiment",3,"CE.LIQ.FLOW.062",2020-11-30,"Sergio Reijnders - Ellis Herder",68,"hour",50,96,"91-20-3","naphthalene","1.9499999999999999E-3","nM","Liquid","controlVehicleA","N2",25,"OP50","heated",0.743,8,300,"ul","1,5 glass vial",1000,"ul","rockroll",35,NA,20
"252",NA,NA,3,"b","experiment",3,"CE.LIQ.FLOW.062",2020-11-30,"Sergio Reijnders - Ellis Herder",68,"hour",50,95,"91-20-3","naphthalene","1.9499999999999999E-3","nM","Liquid","controlVehicleA","N2",25,"OP50","heated",0.743,8,300,"ul","1,5 glass vial",1000,"ul","rockroll",35,NA,20
"253",NA,NA,3,"c","experiment",3,"CE.LIQ.FLOW.062",2020-11-30,"Sergio Reijnders - Ellis Herder",68,"hour",50,96,"91-20-3","naphthalene","1.9499999999999999E-3","nM","Liquid","controlVehicleA","N2",25,"OP50","heated",0.743,8,300,"ul","1,5 glass vial",1000,"ul","rockroll",35,NA,20
"254",NA,NA,3,"d","experiment",3,"CE.LIQ.FLOW.062",2020-11-30,"Sergio Reijnders - Ellis Herder",68,"hour",50,79,"91-20-3","naphthalene","1.9499999999999999E-3","nM","Liquid","controlVehicleA","N2",25,"OP50","heated",0.743,8,300,"ul","1,5 glass vial",1000,"ul","rockroll",35,NA,20
"255",NA,NA,3,"e","experiment",3,"CE.LIQ.FLOW.062",2020-11-30,"Sergio Reijnders - Ellis Herder",68,"hour",50,104,"91-20-3","naphthalene","1.9499999999999999E-3","nM","Liquid","controlVehicleA","N2",25,"OP50","heated",0.743,8,300,"ul","1,5 glass vial",1000,"ul","rockroll",35,NA,20
"256",NA,NA,1,"a","experiment",3,"CE.LIQ.FLOW.062",2020-11-30,"Sergio Reijnders - Ellis Herder",68,"hour",50,78,"91-20-3","naphthalene","1.95E-4","nM","Liquid","controlVehicleA","N2",25,"OP50","heated",0.743,8,300,"ul","1,5 glass vial",1000,"ul","rockroll",35,NA,20
"257",NA,NA,1,"b","experiment",3,"CE.LIQ.FLOW.062",2020-11-30,"Sergio Reijnders - Ellis Herder",68,"hour",50,93,"91-20-3","naphthalene","1.95E-4","nM","Liquid","controlVehicleA","N2",25,"OP50","heated",0.743,8,300,"ul","1,5 glass vial",1000,"ul","rockroll",35,NA,20
"258",NA,NA,1,"c","experiment",3,"CE.LIQ.FLOW.062",2020-11-30,"Sergio Reijnders - Ellis Herder",68,"hour",50,78,"91-20-3","naphthalene","1.95E-4","nM","Liquid","controlVehicleA","N2",25,"OP50","heated",0.743,8,300,"ul","1,5 glass vial",1000,"ul","rockroll",35,NA,20
"259",NA,NA,1,"d","experiment",3,"CE.LIQ.FLOW.062",2020-11-30,"Sergio Reijnders - Ellis Herder",68,"hour",50,70,"91-20-3","naphthalene","0,000195","nM","Liquid","controlVehicleA","N2",25,"OP50","heated",0.743,8,300,"ul","1,5 glass vial",1000,"ul","rockroll",35,NA,20
"260",NA,NA,1,"e","experiment",3,"CE.LIQ.FLOW.062",2020-11-30,"Sergio Reijnders - Ellis Herder",68,"hour",50,76,"91-20-3","naphthalene","1.95E-4","nM","Liquid","controlVehicleA","N2",25,"OP50","heated",0.743,8,300,"ul","1,5 glass vial",1000,"ul","rockroll",35,NA,20
"261",NA,NA,2,"a","experiment",3,"CE.LIQ.FLOW.062",2020-11-30,"Sergio Reijnders - Ellis Herder",68,"hour",50,67,"91-20-3","naphthalene","1.95E-4","nM","Liquid","controlVehicleA","N2",25,"OP50","heated",0.743,8,300,"ul","1,5 glass vial",1000,"ul","rockroll",35,NA,20
"262",NA,NA,2,"b","experiment",3,"CE.LIQ.FLOW.062",2020-11-30,"Sergio Reijnders - Ellis Herder",68,"hour",50,64,"91-20-3","naphthalene","1.95E-4","nM","Liquid","controlVehicleA","N2",25,"OP50","heated",0.743,8,300,"ul","1,5 glass vial",1000,"ul","rockroll",35,NA,20
"263",NA,NA,2,"c","experiment",3,"CE.LIQ.FLOW.062",2020-11-30,"Sergio Reijnders - Ellis Herder",68,"hour",50,92,"91-20-3","naphthalene","1.95E-4","nM","Liquid","controlVehicleA","N2",25,"OP50","heated",0.743,8,300,"ul","1,5 glass vial",1000,"ul","rockroll",35,NA,20
"264",NA,NA,2,"d","experiment",3,"CE.LIQ.FLOW.062",2020-11-30,"Sergio Reijnders - Ellis Herder",68,"hour",50,76,"91-20-3","naphthalene","1.95E-4","nM","Liquid","controlVehicleA","N2",25,"OP50","heated",0.743,8,300,"ul","1,5 glass vial",1000,"ul","rockroll",35,NA,20
"265",NA,NA,2,"e","experiment",3,"CE.LIQ.FLOW.062",2020-11-30,"Sergio Reijnders - Ellis Herder",68,"hour",50,67,"91-20-3","naphthalene","1.95E-4","nM","Liquid","controlVehicleA","N2",25,"OP50","heated",0.743,8,300,"ul","1,5 glass vial",1000,"ul","rockroll",35,NA,20
"266",NA,NA,3,"a","experiment",3,"CE.LIQ.FLOW.062",2020-11-30,"Sergio Reijnders - Ellis Herder",68,"hour",50,62,"91-20-3","naphthalene","1.95E-4","nM","Liquid","controlVehicleA","N2",25,"OP50","heated",0.743,8,300,"ul","1,5 glass vial",1000,"ul","rockroll",35,NA,20
"267",NA,NA,3,"b","experiment",3,"CE.LIQ.FLOW.062",2020-11-30,"Sergio Reijnders - Ellis Herder",68,"hour",50,69,"91-20-3","naphthalene","1.95E-4","nM","Liquid","controlVehicleA","N2",25,"OP50","heated",0.743,8,300,"ul","1,5 glass vial",1000,"ul","rockroll",35,NA,20
"268",NA,NA,3,"c","experiment",3,"CE.LIQ.FLOW.062",2020-11-30,"Sergio Reijnders - Ellis Herder",68,"hour",50,58,"91-20-3","naphthalene","1.95E-4","nM","Liquid","controlVehicleA","N2",25,"OP50","heated",0.743,8,300,"ul","1,5 glass vial",1000,"ul","rockroll",35,NA,20
"269",NA,NA,3,"d","experiment",3,"CE.LIQ.FLOW.062",2020-11-30,"Sergio Reijnders - Ellis Herder",68,"hour",50,63,"91-20-3","naphthalene","1.95E-4","nM","Liquid","controlVehicleA","N2",25,"OP50","heated",0.743,8,300,"ul","1,5 glass vial",1000,"ul","rockroll",35,NA,20
"270",NA,NA,3,"e","experiment",3,"CE.LIQ.FLOW.062",2020-11-30,"Sergio Reijnders - Ellis Herder",68,"hour",50,55,"91-20-3","naphthalene","1.95E-4","nM","Liquid","controlVehicleA","N2",25,"OP50","heated",0.743,8,300,"ul","1,5 glass vial",1000,"ul","rockroll",35,NA,20
"271",NA,NA,1,"a","controlPositive",6,"CE.LIQ.FLOW.062",2020-11-30,"Sergio Reijnders - Ellis Herder",68,"hour",50,54,"64-17-5","Ethanol","1.5","pct","Liquid","controlNegative","N2",25,"OP50","heated",0.743,8,300,"ul","1,5 glass vial",1000,"ul","rockroll",35,NA,20
"272",NA,NA,1,"b","controlPositive",6,"CE.LIQ.FLOW.062",2020-11-30,"Sergio Reijnders - Ellis Herder",68,"hour",50,63,"64-17-5","Ethanol","1.5","pct","Liquid","controlNegative","N2",25,"OP50","heated",0.743,8,300,"ul","1,5 glass vial",1000,"ul","rockroll",35,NA,20
"273",NA,NA,1,"c","controlPositive",6,"CE.LIQ.FLOW.062",2020-11-30,"Sergio Reijnders - Ellis Herder",68,"hour",50,54,"64-17-5","Ethanol","1.5","pct","Liquid","controlNegative","N2",25,"OP50","heated",0.743,8,300,"ul","1,5 glass vial",1000,"ul","rockroll",35,NA,20
"274",NA,NA,1,"d","controlPositive",6,"CE.LIQ.FLOW.062",2020-11-30,"Sergio Reijnders - Ellis Herder",68,"hour",50,71,"64-17-5","Ethanol","1.5","pct","Liquid","controlNegative","N2",25,"OP50","heated",0.743,8,300,"ul","1,5 glass vial",1000,"ul","rockroll",35,NA,20
"275",NA,NA,1,"e","controlPositive",6,"CE.LIQ.FLOW.062",2020-11-30,"Sergio Reijnders - Ellis Herder",68,"hour",50,53,"64-17-5","Ethanol","1.5","pct","Liquid","controlNegative","N2",25,"OP50","heated",0.743,8,300,"ul","1,5 glass vial",1000,"ul","rockroll",35,NA,20
"276",NA,NA,2,"a","controlPositive",6,"CE.LIQ.FLOW.062",2020-11-30,"Sergio Reijnders - Ellis Herder",68,"hour",50,58,"64-17-5","Ethanol","1.5","pct","Liquid","controlNegative","N2",25,"OP50","heated",0.743,8,300,"ul","1,5 glass vial",1000,"ul","rockroll",35,NA,20
"277",NA,NA,2,"b","controlPositive",6,"CE.LIQ.FLOW.062",2020-11-30,"Sergio Reijnders - Ellis Herder",68,"hour",50,60,"64-17-5","Ethanol","1.5","pct","Liquid","controlNegative","N2",25,"OP50","heated",0.743,8,300,"ul","1,5 glass vial",1000,"ul","rockroll",35,NA,20
"278",NA,NA,2,"c","controlPositive",6,"CE.LIQ.FLOW.062",2020-11-30,"Sergio Reijnders - Ellis Herder",68,"hour",50,48,"64-17-5","Ethanol","1.5","pct","Liquid","controlNegative","N2",25,"OP50","heated",0.743,8,300,"ul","1,5 glass vial",1000,"ul","rockroll",35,NA,20
"279",NA,NA,2,"d","controlPositive",6,"CE.LIQ.FLOW.062",2020-11-30,"Sergio Reijnders - Ellis Herder",68,"hour",50,53,"64-17-5","Ethanol","1.5","pct","Liquid","controlNegative","N2",25,"OP50","heated",0.743,8,300,"ul","1,5 glass vial",1000,"ul","rockroll",35,NA,20
"280",NA,NA,2,"e","controlPositive",6,"CE.LIQ.FLOW.062",2020-11-30,"Sergio Reijnders - Ellis Herder",68,"hour",50,60,"64-17-5","Ethanol","1.5","pct","Liquid","controlNegative","N2",25,"OP50","heated",0.743,8,300,"ul","1,5 glass vial",1000,"ul","rockroll",35,NA,20
"281",NA,NA,3,"a","controlPositive",6,"CE.LIQ.FLOW.062",2020-11-30,"Sergio Reijnders - Ellis Herder",68,"hour",50,42,"64-17-5","Ethanol","1.5","pct","Liquid","controlNegative","N2",25,"OP50","heated",0.743,8,300,"ul","1,5 glass vial",1000,"ul","rockroll",35,NA,20
"282",NA,NA,3,"b","controlPositive",6,"CE.LIQ.FLOW.062",2020-11-30,"Sergio Reijnders - Ellis Herder",68,"hour",50,38,"64-17-5","Ethanol","1.5","pct","Liquid","controlNegative","N2",25,"OP50","heated",0.743,8,300,"ul","1,5 glass vial",1000,"ul","rockroll",35,NA,20
"283",NA,NA,3,"c","controlPositive",6,"CE.LIQ.FLOW.062",2020-11-30,"Sergio Reijnders - Ellis Herder",68,"hour",50,36,"64-17-5","Ethanol","1.5","pct","Liquid","controlNegative","N2",25,"OP50","heated",0.743,8,300,"ul","1,5 glass vial",1000,"ul","rockroll",35,NA,20
"284",NA,NA,3,"d","controlPositive",6,"CE.LIQ.FLOW.062",2020-11-30,"Sergio Reijnders - Ellis Herder",68,"hour",50,42,"64-17-5","Ethanol","1.5","pct","Liquid","controlNegative","N2",25,"OP50","heated",0.743,8,300,"ul","1,5 glass vial",1000,"ul","rockroll",35,NA,20
"285",NA,NA,3,"e","controlPositive",6,"CE.LIQ.FLOW.062",2020-11-30,"Sergio Reijnders - Ellis Herder",68,"hour",50,35,"64-17-5","Ethanol","1.5","pct","Liquid","controlNegative","N2",25,"OP50","heated",0.743,8,300,"ul","1,5 glass vial",1000,"ul","rockroll",35,NA,20
"286",NA,NA,4,"a","controlPositive",6,"CE.LIQ.FLOW.062",2020-11-30,"Sergio Reijnders - Ellis Herder",68,"hour",50,65,"64-17-5","Ethanol","1.5","pct","Liquid","controlNegative","N2",25,"OP50","heated",0.743,8,300,"ul","1,5 glass vial",1000,"ul","rockroll",35,NA,20
"287",NA,NA,4,"b","controlPositive",6,"CE.LIQ.FLOW.062",2020-11-30,"Sergio Reijnders - Ellis Herder",68,"hour",50,49,"64-17-5","Ethanol","1.5","pct","Liquid","controlNegative","N2",25,"OP50","heated",0.743,8,300,"ul","1,5 glass vial",1000,"ul","rockroll",35,NA,20
"288",NA,NA,4,"c","controlPositive",6,"CE.LIQ.FLOW.062",2020-11-30,"Sergio Reijnders - Ellis Herder",68,"hour",50,48,"64-17-5","Ethanol","1.5","pct","Liquid","controlNegative","N2",25,"OP50","heated",0.743,8,300,"ul","1,5 glass vial",1000,"ul","rockroll",35,NA,20
"289",NA,NA,4,"d","controlPositive",6,"CE.LIQ.FLOW.062",2020-11-30,"Sergio Reijnders - Ellis Herder",68,"hour",50,50,"64-17-5","Ethanol","1.5","pct","Liquid","controlNegative","N2",25,"OP50","heated",0.743,8,300,"ul","1,5 glass vial",1000,"ul","rockroll",35,NA,20
"290",NA,NA,4,"e","controlPositive",6,"CE.LIQ.FLOW.062",2020-11-30,"Sergio Reijnders - Ellis Herder",68,"hour",50,54,"64-17-5","Ethanol","1.5","pct","Liquid","controlNegative","N2",25,"OP50","heated",0.743,8,300,"ul","1,5 glass vial",1000,"ul","rockroll",35,NA,20
"291",NA,NA,5,"a","controlPositive",6,"CE.LIQ.FLOW.062",2020-11-30,"Sergio Reijnders - Ellis Herder",68,"hour",50,51,"64-17-5","Ethanol","1.5","pct","Liquid","controlNegative","N2",25,"OP50","heated",0.743,8,300,"ul","1,5 glass vial",1000,"ul","rockroll",35,NA,20
"292",NA,NA,5,"b","controlPositive",6,"CE.LIQ.FLOW.062",2020-11-30,"Sergio Reijnders - Ellis Herder",68,"hour",50,43,"64-17-5","Ethanol","1.5","pct","Liquid","controlNegative","N2",25,"OP50","heated",0.743,8,300,"ul","1,5 glass vial",1000,"ul","rockroll",35,NA,20
"293",NA,NA,5,"c","controlPositive",6,"CE.LIQ.FLOW.062",2020-11-30,"Sergio Reijnders - Ellis Herder",68,"hour",50,45,"64-17-5","Ethanol","1.5","pct","Liquid","controlNegative","N2",25,"OP50","heated",0.743,8,300,"ul","1,5 glass vial",1000,"ul","rockroll",35,NA,20
"294",NA,NA,5,"d","controlPositive",6,"CE.LIQ.FLOW.062",2020-11-30,"Sergio Reijnders - Ellis Herder",68,"hour",50,55,"64-17-5","Ethanol","1.5","pct","Liquid","controlNegative","N2",25,"OP50","heated",0.743,8,300,"ul","1,5 glass vial",1000,"ul","rockroll",35,NA,20
"295",NA,NA,5,"e","controlPositive",6,"CE.LIQ.FLOW.062",2020-11-30,"Sergio Reijnders - Ellis Herder",68,"hour",50,45,"64-17-5","Ethanol","1.5","pct","Liquid","controlNegative","N2",25,"OP50","heated",0.743,8,300,"ul","1,5 glass vial",1000,"ul","rockroll",35,NA,20
"296",NA,NA,6,"a","controlPositive",6,"CE.LIQ.FLOW.062",2020-11-30,"Sergio Reijnders - Ellis Herder",68,"hour",50,50,"64-17-5","Ethanol","1.5","pct","Liquid","controlNegative","N2",25,"OP50","heated",0.743,8,300,"ul","1,5 glass vial",1000,"ul","rockroll",35,NA,20
"297",NA,NA,6,"b","controlPositive",6,"CE.LIQ.FLOW.062",2020-11-30,"Sergio Reijnders - Ellis Herder",68,"hour",50,46,"64-17-5","Ethanol","1.5","pct","Liquid","controlNegative","N2",25,"OP50","heated",0.743,8,300,"ul","1,5 glass vial",1000,"ul","rockroll",35,NA,20
"298",NA,NA,6,"c","controlPositive",6,"CE.LIQ.FLOW.062",2020-11-30,"Sergio Reijnders - Ellis Herder",68,"hour",50,39,"64-17-5","Ethanol","1.5","pct","Liquid","controlNegative","N2",25,"OP50","heated",0.743,8,300,"ul","1,5 glass vial",1000,"ul","rockroll",35,NA,20
"299",NA,NA,6,"d","controlPositive",6,"CE.LIQ.FLOW.062",2020-11-30,"Sergio Reijnders - Ellis Herder",68,"hour",50,45,"64-17-5","Ethanol","1.5","pct","Liquid","controlNegative","N2",25,"OP50","heated",0.743,8,300,"ul","1,5 glass vial",1000,"ul","rockroll",35,NA,20
"300",NA,NA,6,"e","controlPositive",6,"CE.LIQ.FLOW.062",2020-11-30,"Sergio Reijnders - Ellis Herder",68,"hour",50,30,"64-17-5","Ethanol","1.5","pct","Liquid","controlNegative","N2",25,"OP50","heated",0.743,8,300,"ul","1,5 glass vial",1000,"ul","rockroll",35,NA,20
"301",NA,NA,1,"a","controlNegative",6,"CE.LIQ.FLOW.062",2020-11-30,"Sergio Reijnders - Ellis Herder",68,"hour",50,92,"S-medium","S-medium","0","pct","Liquid","controlNegative","N2",25,"OP50","heated",0.743,8,300,"ul","1,5 glass vial",1000,"ul","rockroll",35,NA,20
"302",NA,NA,1,"b","controlNegative",6,"CE.LIQ.FLOW.062",2020-11-30,"Sergio Reijnders - Ellis Herder",68,"hour",50,101,"S-medium","S-medium","0","pct","Liquid","controlNegative","N2",25,"OP50","heated",0.743,8,300,"ul","1,5 glass vial",1000,"ul","rockroll",35,NA,20
"303",NA,NA,1,"c","controlNegative",6,"CE.LIQ.FLOW.062",2020-11-30,"Sergio Reijnders - Ellis Herder",68,"hour",50,106,"S-medium","S-medium","0","pct","Liquid","controlNegative","N2",25,"OP50","heated",0.743,8,300,"ul","1,5 glass vial",1000,"ul","rockroll",35,NA,20
"304",NA,NA,1,"d","controlNegative",6,"CE.LIQ.FLOW.062",2020-11-30,"Sergio Reijnders - Ellis Herder",68,"hour",50,104,"S-medium","S-medium","0","pct","Liquid","controlNegative","N2",25,"OP50","heated",0.743,8,300,"ul","1,5 glass vial",1000,"ul","rockroll",35,NA,20
"305",NA,NA,1,"e","controlNegative",6,"CE.LIQ.FLOW.062",2020-11-30,"Sergio Reijnders - Ellis Herder",68,"hour",50,93,"S-medium","S-medium","0","pct","Liquid","controlNegative","N2",25,"OP50","heated",0.743,8,300,"ul","1,5 glass vial",1000,"ul","rockroll",35,NA,20
"306",NA,NA,2,"a","controlNegative",6,"CE.LIQ.FLOW.062",2020-11-30,"Sergio Reijnders - Ellis Herder",68,"hour",50,73,"S-medium","S-medium","0","pct","Liquid","controlNegative","N2",25,"OP50","heated",0.743,8,300,"ul","1,5 glass vial",1000,"ul","rockroll",35,NA,20
"307",NA,NA,2,"b","controlNegative",6,"CE.LIQ.FLOW.062",2020-11-30,"Sergio Reijnders - Ellis Herder",68,"hour",50,94,"S-medium","S-medium","0","pct","Liquid","controlNegative","N2",25,"OP50","heated",0.743,8,300,"ul","1,5 glass vial",1000,"ul","rockroll",35,NA,20
"308",NA,NA,2,"c","controlNegative",6,"CE.LIQ.FLOW.062",2020-11-30,"Sergio Reijnders - Ellis Herder",68,"hour",50,104,"S-medium","S-medium","0","pct","Liquid","controlNegative","N2",25,"OP50","heated",0.743,8,300,"ul","1,5 glass vial",1000,"ul","rockroll",35,NA,20
"309",NA,NA,2,"d","controlNegative",6,"CE.LIQ.FLOW.062",2020-11-30,"Sergio Reijnders - Ellis Herder",68,"hour",50,78,"S-medium","S-medium","0","pct","Liquid","controlNegative","N2",25,"OP50","heated",0.743,8,300,"ul","1,5 glass vial",1000,"ul","rockroll",35,NA,20
"310",NA,NA,2,"e","controlNegative",6,"CE.LIQ.FLOW.062",2020-11-30,"Sergio Reijnders - Ellis Herder",68,"hour",50,103,"S-medium","S-medium","0","pct","Liquid","controlNegative","N2",25,"OP50","heated",0.743,8,300,"ul","1,5 glass vial",1000,"ul","rockroll",35,NA,20
"311",NA,NA,3,"a","controlNegative",6,"CE.LIQ.FLOW.062",2020-11-30,"Sergio Reijnders - Ellis Herder",68,"hour",50,63,"S-medium","S-medium","0","pct","Liquid","controlNegative","N2",25,"OP50","heated",0.743,8,300,"ul","1,5 glass vial",1000,"ul","rockroll",35,NA,20
"312",NA,NA,3,"b","controlNegative",6,"CE.LIQ.FLOW.062",2020-11-30,"Sergio Reijnders - Ellis Herder",68,"hour",50,85,"S-medium","S-medium","0","pct","Liquid","controlNegative","N2",25,"OP50","heated",0.743,8,300,"ul","1,5 glass vial",1000,"ul","rockroll",35,NA,20
"313",NA,NA,3,"c","controlNegative",6,"CE.LIQ.FLOW.062",2020-11-30,"Sergio Reijnders - Ellis Herder",68,"hour",50,62,"S-medium","S-medium","0","pct","Liquid","controlNegative","N2",25,"OP50","heated",0.743,8,300,"ul","1,5 glass vial",1000,"ul","rockroll",35,NA,20
"314",NA,NA,3,"d","controlNegative",6,"CE.LIQ.FLOW.062",2020-11-30,"Sergio Reijnders - Ellis Herder",68,"hour",50,75,"S-medium","S-medium","0","pct","Liquid","controlNegative","N2",25,"OP50","heated",0.743,8,300,"ul","1,5 glass vial",1000,"ul","rockroll",35,NA,20
"315",NA,NA,3,"e","controlNegative",6,"CE.LIQ.FLOW.062",2020-11-30,"Sergio Reijnders - Ellis Herder",68,"hour",50,82,"S-medium","S-medium","0","pct","Liquid","controlNegative","N2",25,"OP50","heated",0.743,8,300,"ul","1,5 glass vial",1000,"ul","rockroll",35,NA,20
"316",NA,NA,4,"a","controlNegative",6,"CE.LIQ.FLOW.062",2020-11-30,"Sergio Reijnders - Ellis Herder",68,"hour",50,88,"S-medium","S-medium","0","pct","Liquid","controlNegative","N2",25,"OP50","heated",0.743,8,300,"ul","1,5 glass vial",1000,"ul","rockroll",35,NA,20
"317",NA,NA,4,"b","controlNegative",6,"CE.LIQ.FLOW.062",2020-11-30,"Sergio Reijnders - Ellis Herder",68,"hour",50,85,"S-medium","S-medium","0","pct","Liquid","controlNegative","N2",25,"OP50","heated",0.743,8,300,"ul","1,5 glass vial",1000,"ul","rockroll",35,NA,20
"318",NA,NA,4,"c","controlNegative",6,"CE.LIQ.FLOW.062",2020-11-30,"Sergio Reijnders - Ellis Herder",68,"hour",50,67,"S-medium","S-medium","0","pct","Liquid","controlNegative","N2",25,"OP50","heated",0.743,8,300,"ul","1,5 glass vial",1000,"ul","rockroll",35,NA,20
"319",NA,NA,4,"d","controlNegative",6,"CE.LIQ.FLOW.062",2020-11-30,"Sergio Reijnders - Ellis Herder",68,"hour",50,65,"S-medium","S-medium","0","pct","Liquid","controlNegative","N2",25,"OP50","heated",0.743,8,300,"ul","1,5 glass vial",1000,"ul","rockroll",35,NA,20
"320",NA,NA,4,"e","controlNegative",6,"CE.LIQ.FLOW.062",2020-11-30,"Sergio Reijnders - Ellis Herder",68,"hour",50,81,"S-medium","S-medium","0","pct","Liquid","controlNegative","N2",25,"OP50","heated",0.743,8,300,"ul","1,5 glass vial",1000,"ul","rockroll",35,NA,20
"321",NA,NA,5,"a","controlNegative",6,"CE.LIQ.FLOW.062",2020-11-30,"Sergio Reijnders - Ellis Herder",68,"hour",50,85,"S-medium","S-medium","0","pct","Liquid","controlNegative","N2",25,"OP50","heated",0.743,8,300,"ul","1,5 glass vial",1000,"ul","rockroll",35,NA,20
"322",NA,NA,5,"b","controlNegative",6,"CE.LIQ.FLOW.062",2020-11-30,"Sergio Reijnders - Ellis Herder",68,"hour",50,83,"S-medium","S-medium","0","pct","Liquid","controlNegative","N2",25,"OP50","heated",0.743,8,300,"ul","1,5 glass vial",1000,"ul","rockroll",35,NA,20
"323",NA,NA,5,"c","controlNegative",6,"CE.LIQ.FLOW.062",2020-11-30,"Sergio Reijnders - Ellis Herder",68,"hour",50,74,"S-medium","S-medium","0","pct","Liquid","controlNegative","N2",25,"OP50","heated",0.743,8,300,"ul","1,5 glass vial",1000,"ul","rockroll",35,NA,20
"324",NA,NA,5,"d","controlNegative",6,"CE.LIQ.FLOW.062",2020-11-30,"Sergio Reijnders - Ellis Herder",68,"hour",50,75,"S-medium","S-medium","0","pct","Liquid","controlNegative","N2",25,"OP50","heated",0.743,8,300,"ul","1,5 glass vial",1000,"ul","rockroll",35,NA,20
"325",NA,NA,5,"e","controlNegative",6,"CE.LIQ.FLOW.062",2020-11-30,"Sergio Reijnders - Ellis Herder",68,"hour",50,85,"S-medium","S-medium","0","pct","Liquid","controlNegative","N2",25,"OP50","heated",0.743,8,300,"ul","1,5 glass vial",1000,"ul","rockroll",35,NA,20
"326",NA,NA,6,"a","controlNegative",6,"CE.LIQ.FLOW.062",2020-11-30,"Sergio Reijnders - Ellis Herder",68,"hour",50,95,"S-medium","S-medium","0","pct","Liquid","controlNegative","N2",25,"OP50","heated",0.743,8,300,"ul","1,5 glass vial",1000,"ul","rockroll",35,NA,20
"327",NA,NA,6,"b","controlNegative",6,"CE.LIQ.FLOW.062",2020-11-30,"Sergio Reijnders - Ellis Herder",68,"hour",50,99,"S-medium","S-medium","0","pct","Liquid","controlNegative","N2",25,"OP50","heated",0.743,8,300,"ul","1,5 glass vial",1000,"ul","rockroll",35,NA,20
"328",NA,NA,6,"c","controlNegative",6,"CE.LIQ.FLOW.062",2020-11-30,"Sergio Reijnders - Ellis Herder",68,"hour",50,100,"S-medium","S-medium","0","pct","Liquid","controlNegative","N2",25,"OP50","heated",0.743,8,300,"ul","1,5 glass vial",1000,"ul","rockroll",35,NA,20
"329",NA,NA,6,"d","controlNegative",6,"CE.LIQ.FLOW.062",2020-11-30,"Sergio Reijnders - Ellis Herder",68,"hour",50,98,"S-medium","S-medium","0","pct","Liquid","controlNegative","N2",25,"OP50","heated",0.743,8,300,"ul","1,5 glass vial",1000,"ul","rockroll",35,NA,20
"330",NA,NA,6,"e","controlNegative",6,"CE.LIQ.FLOW.062",2020-11-30,"Sergio Reijnders - Ellis Herder",68,"hour",50,82,"S-medium","S-medium","0","pct","Liquid","controlNegative","N2",25,"OP50","heated",0.743,8,300,"ul","1,5 glass vial",1000,"ul","rockroll",35,NA,20
"331",NA,NA,1,"a","controlVehicleA",6,"CE.LIQ.FLOW.062",2020-11-30,"Sergio Reijnders - Ellis Herder",68,"hour",50,73,"64-17-5","Ethanol","0.5","pct","Liquid","controlNegative","N2",25,"OP50","heated",0.743,8,300,"ul","1,5 glass vial",1000,"ul","rockroll",35,NA,20
"332",NA,NA,1,"b","controlVehicleA",6,"CE.LIQ.FLOW.062",2020-11-30,"Sergio Reijnders - Ellis Herder",68,"hour",50,74,"64-17-5","Ethanol","0.5","pct","Liquid","controlNegative","N2",25,"OP50","heated",0.743,8,300,"ul","1,5 glass vial",1000,"ul","rockroll",35,NA,20
"333",NA,NA,1,"c","controlVehicleA",6,"CE.LIQ.FLOW.062",2020-11-30,"Sergio Reijnders - Ellis Herder",68,"hour",50,75,"64-17-5","Ethanol","0.5","pct","Liquid","controlNegative","N2",25,"OP50","heated",0.743,8,300,"ul","1,5 glass vial",1000,"ul","rockroll",35,NA,20
"334",NA,NA,1,"d","controlVehicleA",6,"CE.LIQ.FLOW.062",2020-11-30,"Sergio Reijnders - Ellis Herder",68,"hour",50,65,"64-17-5","Ethanol","0.5","pct","Liquid","controlNegative","N2",25,"OP50","heated",0.743,8,300,"ul","1,5 glass vial",1000,"ul","rockroll",35,NA,20
"335",NA,NA,1,"e","controlVehicleA",6,"CE.LIQ.FLOW.062",2020-11-30,"Sergio Reijnders - Ellis Herder",68,"hour",50,83,"64-17-5","Ethanol","0.5","pct","Liquid","controlNegative","N2",25,"OP50","heated",0.743,8,300,"ul","1,5 glass vial",1000,"ul","rockroll",35,NA,20
"336",NA,NA,2,"a","controlVehicleA",6,"CE.LIQ.FLOW.062",2020-11-30,"Sergio Reijnders - Ellis Herder",68,"hour",50,107,"64-17-5","Ethanol","0.5","pct","Liquid","controlNegative","N2",25,"OP50","heated",0.743,8,300,"ul","1,5 glass vial",1000,"ul","rockroll",35,NA,20
"337",NA,NA,2,"b","controlVehicleA",6,"CE.LIQ.FLOW.062",2020-11-30,"Sergio Reijnders - Ellis Herder",68,"hour",50,93,"64-17-5","Ethanol","0.5","pct","Liquid","controlNegative","N2",25,"OP50","heated",0.743,8,300,"ul","1,5 glass vial",1000,"ul","rockroll",35,NA,20
"338",NA,NA,2,"c","controlVehicleA",6,"CE.LIQ.FLOW.062",2020-11-30,"Sergio Reijnders - Ellis Herder",68,"hour",50,86,"64-17-5","Ethanol","0.5","pct","Liquid","controlNegative","N2",25,"OP50","heated",0.743,8,300,"ul","1,5 glass vial",1000,"ul","rockroll",35,NA,20
"339",NA,NA,2,"d","controlVehicleA",6,"CE.LIQ.FLOW.062",2020-11-30,"Sergio Reijnders - Ellis Herder",68,"hour",50,99,"64-17-5","Ethanol","0.5","pct","Liquid","controlNegative","N2",25,"OP50","heated",0.743,8,300,"ul","1,5 glass vial",1000,"ul","rockroll",35,NA,20
"340",NA,NA,2,"e","controlVehicleA",6,"CE.LIQ.FLOW.062",2020-11-30,"Sergio Reijnders - Ellis Herder",68,"hour",50,81,"64-17-5","Ethanol","0.5","pct","Liquid","controlNegative","N2",25,"OP50","heated",0.743,8,300,"ul","1,5 glass vial",1000,"ul","rockroll",35,NA,20
"341",NA,NA,3,"a","controlVehicleA",6,"CE.LIQ.FLOW.062",2020-11-30,"Sergio Reijnders - Ellis Herder",68,"hour",50,108,"64-17-5","Ethanol","0.5","pct","Liquid","controlNegative","N2",25,"OP50","heated",0.743,8,300,"ul","1,5 glass vial",1000,"ul","rockroll",35,NA,20
"342",NA,NA,3,"b","controlVehicleA",6,"CE.LIQ.FLOW.062",2020-11-30,"Sergio Reijnders - Ellis Herder",68,"hour",50,92,"64-17-5","Ethanol","0.5","pct","Liquid","controlNegative","N2",25,"OP50","heated",0.743,8,300,"ul","1,5 glass vial",1000,"ul","rockroll",35,NA,20
"343",NA,NA,3,"c","controlVehicleA",6,"CE.LIQ.FLOW.062",2020-11-30,"Sergio Reijnders - Ellis Herder",68,"hour",50,88,"64-17-5","Ethanol","0.5","pct","Liquid","controlNegative","N2",25,"OP50","heated",0.743,8,300,"ul","1,5 glass vial",1000,"ul","rockroll",35,NA,20
"344",NA,NA,3,"d","controlVehicleA",6,"CE.LIQ.FLOW.062",2020-11-30,"Sergio Reijnders - Ellis Herder",68,"hour",50,107,"64-17-5","Ethanol","0.5","pct","Liquid","controlNegative","N2",25,"OP50","heated",0.743,8,300,"ul","1,5 glass vial",1000,"ul","rockroll",35,NA,20
"345",NA,NA,3,"e","controlVehicleA",6,"CE.LIQ.FLOW.062",2020-11-30,"Sergio Reijnders - Ellis Herder",68,"hour",50,87,"64-17-5","Ethanol","0.5","pct","Liquid","controlNegative","N2",25,"OP50","heated",0.743,8,300,"ul","1,5 glass vial",1000,"ul","rockroll",35,NA,20
"346",NA,NA,4,"a","controlVehicleA",6,"CE.LIQ.FLOW.062",2020-11-30,"Sergio Reijnders - Ellis Herder",68,"hour",50,95,"64-17-5","Ethanol","0.5","pct","Liquid","controlNegative","N2",25,"OP50","heated",0.743,8,300,"ul","1,5 glass vial",1000,"ul","rockroll",35,NA,20
"347",NA,NA,4,"b","controlVehicleA",6,"CE.LIQ.FLOW.062",2020-11-30,"Sergio Reijnders - Ellis Herder",68,"hour",50,98,"64-17-5","Ethanol","0.5","pct","Liquid","controlNegative","N2",25,"OP50","heated",0.743,8,300,"ul","1,5 glass vial",1000,"ul","rockroll",35,NA,20
"348",NA,NA,4,"c","controlVehicleA",6,"CE.LIQ.FLOW.062",2020-11-30,"Sergio Reijnders - Ellis Herder",68,"hour",50,77,"64-17-5","Ethanol","0.5","pct","Liquid","controlNegative","N2",25,"OP50","heated",0.743,8,300,"ul","1,5 glass vial",1000,"ul","rockroll",35,NA,20
"349",NA,NA,4,"d","controlVehicleA",6,"CE.LIQ.FLOW.062",2020-11-30,"Sergio Reijnders - Ellis Herder",68,"hour",50,80,"64-17-5","Ethanol","0.5","pct","Liquid","controlNegative","N2",25,"OP50","heated",0.743,8,300,"ul","1,5 glass vial",1000,"ul","rockroll",35,NA,20
"350",NA,NA,4,"e","controlVehicleA",6,"CE.LIQ.FLOW.062",2020-11-30,"Sergio Reijnders - Ellis Herder",68,"hour",50,101,"64-17-5","Ethanol","0.5","pct","Liquid","controlNegative","N2",25,"OP50","heated",0.743,8,300,"ul","1,5 glass vial",1000,"ul","rockroll",35,NA,20
"351",NA,NA,5,"a","controlVehicleA",6,"CE.LIQ.FLOW.062",2020-11-30,"Sergio Reijnders - Ellis Herder",68,"hour",50,104,"64-17-5","Ethanol","0.5","pct","Liquid","controlNegative","N2",25,"OP50","heated",0.743,8,300,"ul","1,5 glass vial",1000,"ul","rockroll",35,NA,20
"352",NA,NA,5,"b","controlVehicleA",6,"CE.LIQ.FLOW.062",2020-11-30,"Sergio Reijnders - Ellis Herder",68,"hour",50,103,"64-17-5","Ethanol","0.5","pct","Liquid","controlNegative","N2",25,"OP50","heated",0.743,8,300,"ul","1,5 glass vial",1000,"ul","rockroll",35,NA,20
"353",NA,NA,5,"c","controlVehicleA",6,"CE.LIQ.FLOW.062",2020-11-30,"Sergio Reijnders - Ellis Herder",68,"hour",50,90,"64-17-5","Ethanol","0.5","pct","Liquid","controlNegative","N2",25,"OP50","heated",0.743,8,300,"ul","1,5 glass vial",1000,"ul","rockroll",35,NA,20
"354",NA,NA,5,"d","controlVehicleA",6,"CE.LIQ.FLOW.062",2020-11-30,"Sergio Reijnders - Ellis Herder",68,"hour",50,99,"64-17-5","Ethanol","0.5","pct","Liquid","controlNegative","N2",25,"OP50","heated",0.743,8,300,"ul","1,5 glass vial",1000,"ul","rockroll",35,NA,20
"355",NA,NA,5,"e","controlVehicleA",6,"CE.LIQ.FLOW.062",2020-11-30,"Sergio Reijnders - Ellis Herder",68,"hour",50,104,"64-17-5","Ethanol","0.5","pct","Liquid","controlNegative","N2",25,"OP50","heated",0.743,8,300,"ul","1,5 glass vial",1000,"ul","rockroll",35,NA,20
"356",NA,NA,6,"a","controlVehicleA",6,"CE.LIQ.FLOW.062",2020-11-30,"Sergio Reijnders - Ellis Herder",68,"hour",50,107,"64-17-5","Ethanol","0.5","pct","Liquid","controlNegative","N2",25,"OP50","heated",0.743,8,300,"ul","1,5 glass vial",1000,"ul","rockroll",35,NA,20
"357",NA,NA,6,"b","controlVehicleA",6,"CE.LIQ.FLOW.062",2020-11-30,"Sergio Reijnders - Ellis Herder",68,"hour",50,87,"64-17-5","Ethanol","0.5","pct","Liquid","controlNegative","N2",25,"OP50","heated",0.743,8,300,"ul","1,5 glass vial",1000,"ul","rockroll",35,NA,20
"358",NA,NA,6,"c","controlVehicleA",6,"CE.LIQ.FLOW.062",2020-11-30,"Sergio Reijnders - Ellis Herder",68,"hour",50,92,"64-17-5","Ethanol","0.5","pct","Liquid","controlNegative","N2",25,"OP50","heated",0.743,8,300,"ul","1,5 glass vial",1000,"ul","rockroll",35,NA,20
"359",NA,NA,6,"d","controlVehicleA",6,"CE.LIQ.FLOW.062",2020-11-30,"Sergio Reijnders - Ellis Herder",68,"hour",50,97,"64-17-5","Ethanol","0.5","pct","Liquid","controlNegative","N2",25,"OP50","heated",0.743,8,300,"ul","1,5 glass vial",1000,"ul","rockroll",35,NA,20
"360",NA,NA,6,"e","controlVehicleA",6,"CE.LIQ.FLOW.062",2020-11-30,"Sergio Reijnders - Ellis Herder",68,"hour",50,103,"64-17-5","Ethanol","0.5","pct","Liquid","controlNegative","N2",25,"OP50","heated",0.743,8,300,"ul","1,5 glass vial",1000,"ul","rockroll",35,NA,20
